date,serial_number,model,capacity_bytes,failure,smart_3_raw,smart_4_raw,smart_5_raw,smart_9_raw,smart_12_raw,smart_191_raw,smart_192_raw,smart_193_raw,smart_194_raw,smart_196_raw,smart_197_raw,smart_199_raw,smart_222_raw,smart_226_raw
2019-12-31,17OYTGI0T,TOSHIBA MQ01ABF050,500107862016,0,1988.0,8.0,0.0,18772.0,8.0,1.0,1.0,1905.0,39.0,0.0,0.0,0.0,18770.0,255.0
2019-12-31,17OYTGKBT,TOSHIBA MQ01ABF050,500107862016,0,1964.0,12.0,0.0,17953.0,12.0,1.0,3.0,47098.0,30.0,0.0,0.0,0.0,17836.0,258.0
2019-09-09,17OYTGKCT,TOSHIBA MQ01ABF050,500107862016,1,2031.0,6.0,0.0,15355.0,6.0,1.0,0.0,8439.0,33.0,0.0,56.0,0.0,15329.0,189.0
2019-12-31,17OYTGKDT,TOSHIBA MQ01ABF050,500107862016,0,2007.0,11.0,0.0,17945.0,11.0,1.0,1.0,47077.0,31.0,0.0,128.0,0.0,17827.0,254.0
2019-12-31,17OYTGKET,TOSHIBA MQ01ABF050,500107862016,0,2017.0,9.0,0.0,18059.0,9.0,1.0,2.0,8860.0,29.0,0.0,16.0,0.0,18033.0,255.0
2019-12-31,17OYTGKFT,TOSHIBA MQ01ABF050,500107862016,0,1956.0,9.0,0.0,18075.0,9.0,0.0,3.0,9012.0,27.0,0.0,0.0,0.0,18048.0,262.0
2019-12-31,17OYTGKGT,TOSHIBA MQ01ABF050,500107862016,0,2052.0,13.0,0.0,18078.0,13.0,0.0,1.0,8957.0,28.0,0.0,0.0,0.0,18049.0,267.0
2019-12-31,17OYTGKHT,TOSHIBA MQ01ABF050,500107862016,0,2007.0,8.0,0.0,17954.0,8.0,0.0,2.0,46836.0,27.0,0.0,0.0,0.0,17828.0,259.0
2019-12-31,17OYTGKIT,TOSHIBA MQ01ABF050,500107862016,0,1995.0,8.0,0.0,18069.0,8.0,0.0,1.0,8545.0,36.0,0.0,8.0,0.0,18043.0,266.0
2019-12-31,17OYTGKJT,TOSHIBA MQ01ABF050,500107862016,0,2013.0,9.0,0.0,17956.0,9.0,2.0,1.0,47316.0,27.0,0.0,0.0,0.0,17835.0,277.0
2019-12-31,17OYTGKLT,TOSHIBA MQ01ABF050,500107862016,0,1997.0,8.0,0.0,18075.0,8.0,1.0,2.0,8599.0,31.0,0.0,0.0,0.0,18047.0,271.0
2019-12-31,17OYTGKNT,TOSHIBA MQ01ABF050,500107862016,0,2001.0,8.0,0.0,18066.0,8.0,2.0,0.0,8630.0,37.0,0.0,0.0,0.0,18040.0,258.0
2019-12-06,17OYTGKOT,TOSHIBA MQ01ABF050,500107862016,1,2000.0,9.0,3600.0,17467.0,9.0,0.0,0.0,8594.0,36.0,281.0,8.0,0.0,17444.0,168.0
2019-12-31,17OYTGKPT,TOSHIBA MQ01ABF050,500107862016,0,1981.0,7.0,0.0,17957.0,7.0,0.0,1.0,47689.0,36.0,0.0,0.0,0.0,17838.0,260.0
2019-12-31,17OYTGKQT,TOSHIBA MQ01ABF050,500107862016,0,2025.0,7.0,0.0,18067.0,7.0,2.0,2.0,8749.0,28.0,0.0,0.0,0.0,18041.0,260.0
2019-12-31,17OYTGKST,TOSHIBA MQ01ABF050,500107862016,0,1992.0,5.0,0.0,17945.0,5.0,2.0,1.0,46071.0,34.0,0.0,0.0,0.0,17837.0,255.0
2019-12-31,17OYTGKTT,TOSHIBA MQ01ABF050,500107862016,0,1998.0,4.0,0.0,18064.0,4.0,0.0,0.0,8762.0,34.0,0.0,0.0,0.0,18038.0,250.0
2019-12-31,17OYTGKUT,TOSHIBA MQ01ABF050,500107862016,0,2075.0,9.0,0.0,17949.0,9.0,0.0,0.0,44827.0,34.0,0.0,0.0,0.0,17842.0,254.0
2019-12-31,17OYTGKVT,TOSHIBA MQ01ABF050,500107862016,0,2052.0,8.0,0.0,18063.0,8.0,4.0,1.0,8803.0,44.0,0.0,0.0,0.0,18037.0,253.0
2019-12-31,17OYTGKWT,TOSHIBA MQ01ABF050,500107862016,0,2006.0,13.0,0.0,17942.0,13.0,1.0,1.0,47308.0,35.0,0.0,0.0,0.0,17825.0,246.0
2019-12-31,17OYTGKXT,TOSHIBA MQ01ABF050,500107862016,0,1976.0,10.0,0.0,18076.0,10.0,3.0,1.0,8023.0,36.0,0.0,0.0,0.0,18046.0,249.0
2019-04-11,17OYTGKYT,TOSHIBA MQ01ABF050,500107862016,1,2016.0,6.0,0.0,11620.0,6.0,1.0,0.0,45909.0,32.0,0.0,24.0,0.0,11508.0,179.0
2019-12-31,17OYTGKZT,TOSHIBA MQ01ABF050,500107862016,0,1977.0,16.0,0.0,17263.0,16.0,1.0,2.0,2720.0,28.0,0.0,0.0,0.0,17261.0,263.0
2019-12-31,17OYTGL1T,TOSHIBA MQ01ABF050,500107862016,0,2007.0,8.0,0.0,17956.0,8.0,2.0,2.0,45155.0,36.0,0.0,0.0,0.0,17839.0,258.0
2019-04-25,17OYTGL2T,TOSHIBA MQ01ABF050,500107862016,1,1956.0,7.0,0.0,11951.0,7.0,2.0,1.0,46230.0,32.0,0.0,0.0,0.0,11833.0,188.0
2019-11-20,17OYTGL3T,TOSHIBA MQ01ABF050,500107862016,1,2008.0,5.0,0.0,17085.0,5.0,1.0,0.0,7867.0,32.0,0.0,0.0,0.0,17055.0,167.0
2019-12-31,17OYTGL6T,TOSHIBA MQ01ABF050,500107862016,0,2045.0,11.0,0.0,18068.0,11.0,4.0,0.0,8386.0,42.0,0.0,0.0,0.0,18039.0,253.0
2019-05-22,17OYTGL7T,TOSHIBA MQ01ABF050,500107862016,1,2000.0,6.0,984.0,12605.0,6.0,1.0,0.0,45477.0,31.0,96.0,0.0,0.0,12492.0,177.0
2019-07-08,17OYTGL8T,TOSHIBA MQ01ABF050,500107862016,1,2007.0,4.0,0.0,13715.0,4.0,7.0,0.0,47124.0,44.0,0.0,40.0,0.0,13597.0,247.0
2019-12-31,17OYTGL9T,TOSHIBA MQ01ABF050,500107862016,0,2002.0,7.0,0.0,18077.0,7.0,0.0,1.0,8035.0,34.0,0.0,0.0,0.0,18054.0,255.0
2019-12-31,17OYTGLAT,TOSHIBA MQ01ABF050,500107862016,0,2023.0,11.0,0.0,18066.0,11.0,0.0,0.0,8349.0,33.0,0.0,0.0,0.0,18042.0,252.0
2019-12-31,17OYTGLBT,TOSHIBA MQ01ABF050,500107862016,0,1995.0,5.0,0.0,17958.0,5.0,0.0,1.0,46283.0,32.0,0.0,8.0,0.0,17845.0,262.0
2019-12-31,17OYTGLCT,TOSHIBA MQ01ABF050,500107862016,0,2050.0,6.0,0.0,18061.0,6.0,1.0,0.0,8668.0,33.0,0.0,0.0,0.0,18035.0,267.0
2019-12-31,17OYTGLET,TOSHIBA MQ01ABF050,500107862016,0,1970.0,9.0,0.0,17959.0,9.0,12.0,1.0,14626.0,36.0,0.0,0.0,0.0,17912.0,260.0
2019-12-31,17OYTGLFT,TOSHIBA MQ01ABF050,500107862016,0,1974.0,5.0,0.0,18770.0,5.0,1.0,1.0,1878.0,35.0,0.0,0.0,0.0,18769.0,178.0
2019-09-18,17OYTGLGT,TOSHIBA MQ01ABF050,500107862016,1,2014.0,9.0,0.0,15573.0,9.0,1.0,0.0,8773.0,36.0,0.0,16.0,0.0,15542.0,179.0
2019-12-31,17OYTGLHT,TOSHIBA MQ01ABF050,500107862016,0,1997.0,8.0,0.0,17946.0,8.0,2.0,0.0,47752.0,34.0,0.0,0.0,0.0,17823.0,256.0
2019-12-31,17OYTGLIT,TOSHIBA MQ01ABF050,500107862016,0,1971.0,7.0,0.0,18776.0,7.0,4.0,1.0,2124.0,32.0,0.0,784.0,0.0,18769.0,268.0
2019-12-31,17OYTGLJT,TOSHIBA MQ01ABF050,500107862016,0,1992.0,14.0,0.0,18767.0,14.0,2.0,3.0,2256.0,30.0,0.0,0.0,0.0,18765.0,179.0
2019-12-31,17OYTGLKT,TOSHIBA MQ01ABF050,500107862016,0,2046.0,4.0,0.0,18768.0,4.0,6.0,0.0,2325.0,47.0,0.0,0.0,0.0,18766.0,248.0
2019-12-31,17OYTGLLT,TOSHIBA MQ01ABF050,500107862016,0,1982.0,7.0,0.0,18770.0,7.0,2.0,1.0,2183.0,38.0,0.0,0.0,0.0,18769.0,258.0
2019-12-31,17OYTGLMT,TOSHIBA MQ01ABF050,500107862016,0,2003.0,7.0,0.0,18770.0,7.0,7.0,2.0,2093.0,41.0,0.0,0.0,0.0,18770.0,256.0
2019-07-15,17OYTGLNT,TOSHIBA MQ01ABF050,500107862016,1,1984.0,5.0,0.0,14714.0,5.0,5.0,1.0,1844.0,37.0,0.0,0.0,0.0,14712.0,197.0
2019-12-31,17QEC1EXT,TOSHIBA MQ01ABF050,500107862016,0,2011.0,9.0,176.0,20486.0,9.0,60.0,0.0,3762.0,50.0,22.0,0.0,0.0,20480.0,255.0
2019-12-31,17QEC1EYT,TOSHIBA MQ01ABF050,500107862016,0,2035.0,8.0,0.0,20493.0,8.0,3.0,1.0,3904.0,35.0,0.0,0.0,0.0,20487.0,184.0
2019-12-31,17QEC1EZT,TOSHIBA MQ01ABF050,500107862016,0,1967.0,5.0,0.0,20493.0,5.0,7.0,1.0,3459.0,38.0,0.0,0.0,0.0,20486.0,179.0
2019-12-31,17QEC1F0T,TOSHIBA MQ01ABF050,500107862016,0,2012.0,8.0,0.0,20492.0,8.0,30.0,1.0,4064.0,45.0,0.0,0.0,0.0,20486.0,174.0
2019-12-31,17QEC1F1T,TOSHIBA MQ01ABF050,500107862016,0,1957.0,6.0,0.0,20495.0,6.0,3.0,2.0,3838.0,41.0,0.0,0.0,0.0,20489.0,192.0
2019-07-29,17QEC1F2T,TOSHIBA MQ01ABF050,500107862016,1,2027.0,3.0,0.0,16761.0,3.0,3.0,0.0,3600.0,37.0,0.0,0.0,0.0,16757.0,271.0
2019-12-31,17QEC1F5T,TOSHIBA MQ01ABF050,500107862016,0,2012.0,7.0,0.0,21316.0,7.0,91.0,2.0,1114.0,34.0,0.0,0.0,0.0,21319.0,184.0
2019-12-31,278KCP45T,TOSHIBA MQ01ABF050,500107862016,0,1961.0,5.0,0.0,20483.0,5.0,3.0,0.0,3684.0,41.0,0.0,0.0,0.0,20476.0,261.0
2019-12-31,278KCP47T,TOSHIBA MQ01ABF050,500107862016,0,1959.0,9.0,0.0,20489.0,9.0,19.0,0.0,3618.0,51.0,0.0,0.0,0.0,20482.0,184.0
2019-12-31,563ESIWSS,TOSHIBA MQ01ABF050,500107862016,0,1315.0,8.0,0.0,29941.0,8.0,1.0,1.0,1682.0,33.0,0.0,0.0,0.0,29940.0,271.0
2019-11-01,563ESIX1S,TOSHIBA MQ01ABF050,500107862016,1,1340.0,8.0,0.0,23207.0,8.0,31.0,0.0,2883.0,37.0,0.0,344.0,0.0,23203.0,243.0
2019-12-31,563ESIXHS,TOSHIBA MQ01ABF050,500107862016,0,1370.0,14.0,0.0,27049.0,14.0,11.0,1.0,320.0,31.0,0.0,0.0,0.0,27053.0,188.0
2019-12-31,5641SFQVS,TOSHIBA MQ01ABF050,500107862016,0,1335.0,7.0,0.0,30153.0,7.0,5.0,3.0,2217.0,36.0,0.0,0.0,0.0,30151.0,176.0
2019-12-31,5641SFQWS,TOSHIBA MQ01ABF050,500107862016,0,1340.0,10.0,0.0,29683.0,9.0,3.0,0.0,330.0,36.0,0.0,0.0,0.0,29688.0,258.0
2019-12-31,5641SFQYS,TOSHIBA MQ01ABF050,500107862016,0,1312.0,7.0,0.0,27049.0,7.0,5.0,2.0,434.0,30.0,0.0,0.0,0.0,27054.0,173.0
2019-12-31,5641SFR0S,TOSHIBA MQ01ABF050,500107862016,0,1309.0,4.0,0.0,29937.0,4.0,11.0,1.0,1699.0,32.0,0.0,0.0,0.0,29937.0,253.0
2019-12-31,5641SFR1S,TOSHIBA MQ01ABF050,500107862016,0,1323.0,7.0,0.0,27939.0,7.0,6.0,1.0,318.0,42.0,0.0,0.0,0.0,27944.0,246.0
2019-12-31,5641SFR2S,TOSHIBA MQ01ABF050,500107862016,0,1872.0,9.0,0.0,29940.0,9.0,4.0,3.0,1736.0,36.0,0.0,0.0,0.0,29937.0,265.0
2019-12-31,5641SFR3S,TOSHIBA MQ01ABF050,500107862016,0,1358.0,7.0,0.0,29945.0,7.0,9.0,1.0,1796.0,33.0,0.0,0.0,0.0,29944.0,178.0
2019-12-31,5641SFR4S,TOSHIBA MQ01ABF050,500107862016,0,1327.0,5.0,0.0,29940.0,5.0,4.0,0.0,1739.0,34.0,0.0,0.0,0.0,29939.0,261.0
2019-12-31,5641SFR5S,TOSHIBA MQ01ABF050,500107862016,0,1338.0,10.0,0.0,31070.0,10.0,1.0,0.0,746.0,30.0,0.0,0.0,0.0,31077.0,264.0
2019-12-31,5641SFR6S,TOSHIBA MQ01ABF050,500107862016,0,1303.0,14.0,0.0,30158.0,14.0,3.0,4.0,2422.0,36.0,0.0,0.0,0.0,30156.0,178.0
2019-12-31,5641SFR7S,TOSHIBA MQ01ABF050,500107862016,0,1317.0,15.0,0.0,30150.0,15.0,64.0,4.0,3329.0,38.0,0.0,0.0,0.0,30138.0,178.0
2019-03-16,5641SFR8S,TOSHIBA MQ01ABF050,500107862016,1,1324.0,9.0,0.0,24090.0,9.0,2.0,0.0,1221.0,25.0,0.0,0.0,0.0,24095.0,256.0
2019-12-31,5641SFR9S,TOSHIBA MQ01ABF050,500107862016,0,1311.0,4.0,0.0,31071.0,4.0,0.0,0.0,704.0,28.0,0.0,0.0,0.0,31078.0,258.0
2019-10-02,5641SFRAS,TOSHIBA MQ01ABF050,500107862016,1,1381.0,11.0,0.0,27993.0,11.0,56.0,1.0,1869.0,45.0,0.0,16.0,0.0,27990.0,186.0
2019-12-31,5641SFRCS,TOSHIBA MQ01ABF050,500107862016,0,1333.0,3.0,0.0,31063.0,3.0,1.0,0.0,1039.0,28.0,0.0,0.0,0.0,31071.0,267.0
2019-12-31,5641SFRDS,TOSHIBA MQ01ABF050,500107862016,0,1311.0,4.0,0.0,31072.0,4.0,6.0,0.0,1019.0,28.0,0.0,0.0,0.0,31078.0,273.0
2019-12-31,5641SFRES,TOSHIBA MQ01ABF050,500107862016,0,1302.0,6.0,0.0,30779.0,6.0,4.0,1.0,1830.0,27.0,0.0,0.0,0.0,30779.0,248.0
2019-12-31,5641SFRFS,TOSHIBA MQ01ABF050,500107862016,0,1316.0,3.0,0.0,30782.0,3.0,1.0,0.0,2189.0,28.0,0.0,0.0,0.0,30782.0,249.0
2019-12-31,5641SFRGS,TOSHIBA MQ01ABF050,500107862016,0,1361.0,4.0,0.0,31064.0,4.0,4.0,0.0,1213.0,33.0,0.0,0.0,0.0,31071.0,249.0
2019-10-05,5641SFRHS,TOSHIBA MQ01ABF050,500107862016,1,1325.0,7.0,0.0,28690.0,7.0,4.0,0.0,1794.0,27.0,0.0,0.0,0.0,28690.0,168.0
2019-12-31,5641SFRIS,TOSHIBA MQ01ABF050,500107862016,0,1299.0,6.0,0.0,30780.0,6.0,15.0,1.0,2018.0,29.0,0.0,0.0,0.0,30780.0,172.0
2019-12-31,5641SFRJS,TOSHIBA MQ01ABF050,500107862016,0,1331.0,6.0,0.0,29561.0,6.0,13.0,1.0,4610.0,37.0,0.0,0.0,0.0,29544.0,181.0
2019-12-31,5641SFRLS,TOSHIBA MQ01ABF050,500107862016,0,1296.0,5.0,0.0,30776.0,5.0,4.0,0.0,1754.0,28.0,0.0,0.0,0.0,30777.0,254.0
2019-12-31,5641SFRMS,TOSHIBA MQ01ABF050,500107862016,0,1324.0,8.0,0.0,29566.0,8.0,2.0,2.0,4389.0,33.0,0.0,0.0,0.0,29549.0,183.0
2019-12-31,5641SFRNS,TOSHIBA MQ01ABF050,500107862016,0,1310.0,11.0,0.0,29715.0,11.0,5.0,2.0,4730.0,37.0,0.0,0.0,0.0,29697.0,185.0
2019-12-31,5641SFROS,TOSHIBA MQ01ABF050,500107862016,0,1332.0,8.0,0.0,29556.0,8.0,3.0,2.0,4984.0,37.0,0.0,0.0,0.0,29538.0,182.0
2019-12-31,5641SFRPS,TOSHIBA MQ01ABF050,500107862016,0,1296.0,6.0,0.0,29556.0,6.0,4.0,1.0,4499.0,35.0,0.0,0.0,0.0,29539.0,174.0
2019-12-31,5641SFRQS,TOSHIBA MQ01ABF050,500107862016,0,1325.0,5.0,0.0,31073.0,5.0,3.0,0.0,848.0,28.0,0.0,0.0,0.0,31081.0,254.0
2019-12-31,5641SFRRS,TOSHIBA MQ01ABF050,500107862016,0,1352.0,30.0,0.0,28923.0,29.0,1.0,23.0,4437.0,35.0,0.0,0.0,0.0,28905.0,269.0
2019-12-31,5641SFRSS,TOSHIBA MQ01ABF050,500107862016,0,1339.0,7.0,0.0,31063.0,7.0,1.0,1.0,1177.0,36.0,0.0,0.0,0.0,31070.0,260.0
2019-12-31,5641SFRTS,TOSHIBA MQ01ABF050,500107862016,0,1364.0,6.0,0.0,31060.0,6.0,0.0,0.0,968.0,28.0,0.0,0.0,0.0,31069.0,247.0
2019-12-31,5641SFRUS,TOSHIBA MQ01ABF050,500107862016,0,1332.0,6.0,0.0,29564.0,6.0,2.0,1.0,4395.0,37.0,0.0,0.0,0.0,29548.0,260.0
2019-12-31,5641SFRVS,TOSHIBA MQ01ABF050,500107862016,0,1342.0,10.0,0.0,29560.0,10.0,20.0,1.0,4573.0,38.0,0.0,0.0,0.0,29544.0,182.0
2019-12-31,5641SFRWS,TOSHIBA MQ01ABF050,500107862016,0,1358.0,4.0,0.0,31069.0,4.0,1.0,1.0,516.0,28.0,0.0,0.0,0.0,31076.0,270.0
2019-12-31,5641SFRXS,TOSHIBA MQ01ABF050,500107862016,0,1343.0,4.0,0.0,31063.0,4.0,1.0,1.0,1032.0,28.0,0.0,0.0,0.0,31070.0,250.0
2019-12-31,5641SFRYS,TOSHIBA MQ01ABF050,500107862016,0,1350.0,10.0,0.0,29555.0,10.0,18.0,2.0,4281.0,41.0,0.0,0.0,0.0,29539.0,257.0
2019-12-31,5641SFRZS,TOSHIBA MQ01ABF050,500107862016,0,1333.0,8.0,0.0,29556.0,8.0,2.0,2.0,4418.0,38.0,0.0,0.0,0.0,29539.0,251.0
2019-12-31,5641SFS0S,TOSHIBA MQ01ABF050,500107862016,0,1337.0,7.0,0.0,29569.0,7.0,5.0,1.0,4536.0,35.0,0.0,0.0,0.0,29553.0,177.0
2019-12-31,5641SFS1S,TOSHIBA MQ01ABF050,500107862016,0,1321.0,19.0,0.0,29561.0,19.0,5.0,3.0,4613.0,37.0,0.0,0.0,0.0,29542.0,261.0
2019-12-31,5641SFS3S,TOSHIBA MQ01ABF050,500107862016,0,1319.0,10.0,0.0,30779.0,10.0,7.0,2.0,1950.0,26.0,0.0,0.0,0.0,30778.0,263.0
2019-12-31,5641SFS5S,TOSHIBA MQ01ABF050,500107862016,0,1325.0,6.0,0.0,29555.0,6.0,2.0,1.0,4216.0,37.0,0.0,0.0,0.0,29540.0,174.0
2019-12-31,5641SFS6S,TOSHIBA MQ01ABF050,500107862016,0,1338.0,10.0,0.0,29564.0,10.0,7.0,2.0,4337.0,32.0,0.0,0.0,0.0,29547.0,177.0
2019-12-31,5641SFS7S,TOSHIBA MQ01ABF050,500107862016,0,1338.0,9.0,0.0,29556.0,9.0,5.0,0.0,4388.0,34.0,0.0,0.0,0.0,29540.0,179.0
2019-12-31,5641SFSAS,TOSHIBA MQ01ABF050,500107862016,0,1337.0,14.0,0.0,30780.0,14.0,8.0,1.0,2213.0,28.0,0.0,0.0,0.0,30780.0,251.0
2019-12-31,564ESIXUS,TOSHIBA MQ01ABF050,500107862016,0,1340.0,5.0,0.0,24640.0,5.0,8.0,0.0,2744.0,43.0,0.0,0.0,0.0,24637.0,182.0
2019-12-31,564ESIY1S,TOSHIBA MQ01ABF050,500107862016,0,1367.0,7.0,0.0,23385.0,7.0,12.0,3.0,5450.0,30.0,0.0,0.0,0.0,23374.0,276.0
2019-12-31,564ESIYBS,TOSHIBA MQ01ABF050,500107862016,0,1337.0,19.0,0.0,25770.0,19.0,33.0,3.0,433.0,35.0,0.0,0.0,0.0,25770.0,172.0
2019-12-31,564ESIYCS,TOSHIBA MQ01ABF050,500107862016,0,1338.0,8.0,0.0,23396.0,8.0,14.0,2.0,5633.0,37.0,0.0,0.0,0.0,23384.0,178.0
2019-12-31,564ESIYES,TOSHIBA MQ01ABF050,500107862016,0,1317.0,5.0,0.0,20370.0,5.0,1.0,0.0,588.0,30.0,0.0,0.0,0.0,20373.0,260.0
2019-12-31,564ESIYFS,TOSHIBA MQ01ABF050,500107862016,0,1305.0,16.0,0.0,16145.0,16.0,6.0,0.0,81492.0,30.0,0.0,0.0,0.0,15879.0,270.0
2019-10-25,564ESIYGS,TOSHIBA MQ01ABF050,500107862016,1,1345.0,8.0,0.0,21827.0,8.0,11.0,3.0,9303.0,35.0,0.0,8.0,0.0,21792.0,261.0
2019-12-31,564ESIYHS,TOSHIBA MQ01ABF050,500107862016,0,1281.0,7.0,0.0,22605.0,7.0,29.0,0.0,7474.0,35.0,0.0,0.0,2.0,22589.0,281.0
2019-12-31,564ESIYIS,TOSHIBA MQ01ABF050,500107862016,0,1345.0,11.0,0.0,23457.0,11.0,18.0,1.0,10814.0,35.0,0.0,0.0,0.0,23408.0,254.0
2019-12-31,564ESIYJS,TOSHIBA MQ01ABF050,500107862016,0,1337.0,7.0,0.0,17073.0,7.0,6.0,0.0,30303.0,26.0,0.0,0.0,0.0,16928.0,265.0
2019-12-31,564ESIYKS,TOSHIBA MQ01ABF050,500107862016,0,1312.0,17.0,0.0,16150.0,17.0,7.0,1.0,80359.0,27.0,0.0,0.0,0.0,15887.0,169.0
2019-12-31,564ESIYLS,TOSHIBA MQ01ABF050,500107862016,0,1299.0,5.0,0.0,26819.0,5.0,2.0,2.0,286.0,26.0,0.0,0.0,0.0,26825.0,278.0
2019-12-31,564ESIYMS,TOSHIBA MQ01ABF050,500107862016,0,1383.0,4.0,0.0,25781.0,4.0,37.0,0.0,201.0,35.0,0.0,0.0,0.0,25787.0,260.0
2019-12-31,564ESIYNS,TOSHIBA MQ01ABF050,500107862016,0,1357.0,11.0,0.0,21639.0,11.0,19.0,3.0,1967.0,38.0,0.0,0.0,0.0,21635.0,262.0
2019-12-31,564ESIYOS,TOSHIBA MQ01ABF050,500107862016,0,1317.0,9.0,0.0,24306.0,9.0,16.0,3.0,177.0,37.0,0.0,0.0,0.0,24312.0,249.0
2019-10-17,564ESIYPS,TOSHIBA MQ01ABF050,500107862016,1,1361.0,4.0,0.0,23709.0,4.0,2.0,1.0,331.0,27.0,0.0,8.0,0.0,23714.0,180.0
2019-12-31,564ESIYQS,TOSHIBA MQ01ABF050,500107862016,0,1301.0,7.0,0.0,24627.0,7.0,9.0,0.0,1158.0,39.0,0.0,0.0,0.0,24629.0,183.0
2019-12-31,564ESIYRS,TOSHIBA MQ01ABF050,500107862016,0,1319.0,10.0,0.0,30777.0,10.0,17.0,2.0,770.0,28.0,0.0,0.0,0.0,30782.0,251.0
2019-06-24,564ESIYTS,TOSHIBA MQ01ABF050,500107862016,1,1304.0,14.0,0.0,17999.0,14.0,13.0,6.0,5560.0,35.0,0.0,0.0,0.0,17985.0,255.0
2019-12-31,564ESIYUS,TOSHIBA MQ01ABF050,500107862016,0,1410.0,10.0,0.0,30159.0,10.0,7.0,3.0,1765.0,38.0,0.0,0.0,0.0,30156.0,185.0
2019-12-31,564ESIYVS,TOSHIBA MQ01ABF050,500107862016,0,1309.0,9.0,0.0,30770.0,9.0,7.0,1.0,1331.0,30.0,0.0,0.0,0.0,30774.0,259.0
2019-12-31,564ESIYWS,TOSHIBA MQ01ABF050,500107862016,0,1343.0,9.0,0.0,30781.0,9.0,13.0,0.0,2026.0,32.0,0.0,0.0,0.0,30780.0,181.0
2019-12-31,564ESIYXS,TOSHIBA MQ01ABF050,500107862016,0,1365.0,11.0,0.0,30161.0,11.0,4.0,2.0,2078.0,37.0,0.0,0.0,0.0,30156.0,260.0
2019-12-31,564ESIZ0S,TOSHIBA MQ01ABF050,500107862016,0,1347.0,10.0,0.0,27035.0,10.0,19.0,2.0,685.0,28.0,0.0,0.0,0.0,27040.0,171.0
2019-12-31,564ESIZ2S,TOSHIBA MQ01ABF050,500107862016,0,1327.0,10.0,0.0,29930.0,10.0,22.0,1.0,1718.0,33.0,0.0,0.0,0.0,29929.0,282.0
2019-12-31,564ESIZ3S,TOSHIBA MQ01ABF050,500107862016,0,1344.0,9.0,0.0,27046.0,9.0,33.0,3.0,319.0,34.0,0.0,0.0,0.0,27052.0,190.0
2019-12-31,564ESIZ4S,TOSHIBA MQ01ABF050,500107862016,0,1377.0,5.0,0.0,29937.0,5.0,2.0,2.0,1652.0,33.0,0.0,0.0,0.0,29937.0,259.0
2019-12-31,564ESIZ5S,TOSHIBA MQ01ABF050,500107862016,0,1362.0,6.0,0.0,27037.0,6.0,43.0,0.0,353.0,28.0,0.0,0.0,0.0,27042.0,173.0
2019-12-31,564ESIZ6S,TOSHIBA MQ01ABF050,500107862016,0,1344.0,7.0,0.0,24638.0,7.0,29.0,0.0,2817.0,36.0,0.0,0.0,0.0,24634.0,179.0
2019-12-31,564ESIZ7S,TOSHIBA MQ01ABF050,500107862016,0,1371.0,13.0,0.0,24635.0,13.0,22.0,2.0,2279.0,37.0,0.0,0.0,0.0,24626.0,256.0
2019-12-31,564ESIZ8S,TOSHIBA MQ01ABF050,500107862016,0,1345.0,11.0,0.0,27040.0,11.0,22.0,1.0,305.0,29.0,0.0,0.0,0.0,27044.0,179.0
2019-12-31,564ESIZ9S,TOSHIBA MQ01ABF050,500107862016,0,1353.0,9.0,0.0,24348.0,9.0,7.0,0.0,5052.0,33.0,0.0,0.0,0.0,24339.0,178.0
2019-12-31,564ESIZAS,TOSHIBA MQ01ABF050,500107862016,0,1332.0,6.0,0.0,24624.0,6.0,32.0,0.0,1311.0,35.0,0.0,0.0,0.0,24625.0,171.0
2019-12-31,564ESIZBS,TOSHIBA MQ01ABF050,500107862016,0,1370.0,10.0,0.0,24629.0,10.0,19.0,0.0,2343.0,35.0,0.0,0.0,0.0,24624.0,279.0
2019-12-31,564ESIZES,TOSHIBA MQ01ABF050,500107862016,0,1348.0,17.0,0.0,24636.0,17.0,31.0,9.0,2635.0,34.0,0.0,0.0,0.0,24631.0,252.0
2019-12-31,564ESIZFS,TOSHIBA MQ01ABF050,500107862016,0,1335.0,9.0,0.0,27048.0,9.0,41.0,1.0,340.0,29.0,0.0,0.0,0.0,27054.0,255.0
2019-07-21,564ESIZHS,TOSHIBA MQ01ABF050,500107862016,1,1323.0,10.0,0.0,19464.0,10.0,4.0,1.0,5441.0,32.0,0.0,0.0,0.0,19446.0,176.0
2019-12-31,564ESIZIS,TOSHIBA MQ01ABF050,500107862016,0,1325.0,7.0,0.0,25893.0,7.0,6.0,2.0,345.0,22.0,0.0,0.0,0.0,25897.0,269.0
2019-12-31,564ESIZJS,TOSHIBA MQ01ABF050,500107862016,0,1340.0,19.0,0.0,27036.0,19.0,189.0,7.0,339.0,29.0,0.0,0.0,0.0,27040.0,270.0
2019-12-31,5732PE2BT,TOSHIBA MQ01ABF050,500107862016,0,1999.0,13.0,0.0,19042.0,13.0,16.0,2.0,1743.0,30.0,0.0,0.0,0.0,19041.0,185.0
2019-07-24,5732PE2FT,TOSHIBA MQ01ABF050,500107862016,1,1994.0,8.0,0.0,15033.0,8.0,9.0,1.0,8818.0,25.0,0.0,16.0,0.0,14993.0,262.0
2019-07-28,5732PE2HT,TOSHIBA MQ01ABF050,500107862016,1,1976.0,12.0,0.0,15131.0,12.0,3.0,1.0,8027.0,26.0,0.0,16.0,0.0,15089.0,172.0
2019-12-31,5732PE43T,TOSHIBA MQ01ABF050,500107862016,0,2016.0,8.0,0.0,18879.0,8.0,11.0,1.0,9152.0,27.0,0.0,0.0,0.0,18845.0,187.0
2019-12-31,57GGPD8KT,TOSHIBA MQ01ABF050,500107862016,0,1990.0,3.0,0.0,16547.0,3.0,16.0,0.0,746.0,27.0,0.0,0.0,0.0,16548.0,255.0
2019-12-06,57GGPD93T,TOSHIBA MQ01ABF050,500107862016,1,2026.0,9.0,0.0,15092.0,9.0,6.0,2.0,32.0,27.0,0.0,0.0,0.0,15095.0,173.0
2019-12-31,57GGPD94T,TOSHIBA MQ01ABF050,500107862016,0,2015.0,2.0,0.0,16558.0,2.0,4.0,0.0,2149.0,27.0,0.0,0.0,0.0,16550.0,254.0
2019-12-31,57GGPD95T,TOSHIBA MQ01ABF050,500107862016,0,1995.0,3.0,0.0,16559.0,3.0,8.0,0.0,672.0,25.0,0.0,0.0,0.0,16561.0,249.0
2019-12-31,57GGPD96T,TOSHIBA MQ01ABF050,500107862016,0,2015.0,4.0,0.0,16524.0,4.0,24.0,0.0,1957.0,31.0,0.0,0.0,0.0,16517.0,247.0
2019-12-31,57GGPD97T,TOSHIBA MQ01ABF050,500107862016,0,1990.0,7.0,0.0,17241.0,7.0,9.0,1.0,102.0,27.0,0.0,0.0,0.0,17243.0,259.0
2019-12-31,57GGPD98T,TOSHIBA MQ01ABF050,500107862016,0,2012.0,3.0,0.0,17243.0,3.0,16.0,0.0,176.0,25.0,0.0,0.0,0.0,17248.0,264.0
2019-12-31,57GGPD9AT,TOSHIBA MQ01ABF050,500107862016,0,2018.0,2.0,0.0,14011.0,2.0,0.0,0.0,126.0,33.0,0.0,0.0,0.0,14015.0,254.0
2019-12-31,57GGPD9BT,TOSHIBA MQ01ABF050,500107862016,0,1999.0,5.0,0.0,14747.0,5.0,17.0,1.0,1891.0,30.0,0.0,0.0,0.0,14742.0,188.0
2019-09-03,57GGPD9DT,TOSHIBA MQ01ABF050,500107862016,1,2029.0,2.0,0.0,11323.0,2.0,0.0,0.0,61.0,25.0,0.0,424.0,0.0,11326.0,271.0
2019-12-31,57GGPD9ET,TOSHIBA MQ01ABF050,500107862016,0,2003.0,5.0,0.0,14322.0,5.0,12.0,1.0,37.0,25.0,0.0,0.0,0.0,14324.0,184.0
2019-03-22,57GGPD9FT,TOSHIBA MQ01ABF050,500107862016,1,1996.0,5.0,0.0,9581.0,5.0,0.0,1.0,164.0,30.0,0.0,8.0,0.0,9581.0,176.0
2019-12-31,57GGPD9GT,TOSHIBA MQ01ABF050,500107862016,0,2051.0,8.0,0.0,14747.0,8.0,2.0,0.0,1273.0,30.0,0.0,0.0,0.0,14743.0,186.0
2019-12-31,57GGPD9IT,TOSHIBA MQ01ABF050,500107862016,0,1995.0,7.0,0.0,16553.0,7.0,9.0,2.0,2388.0,30.0,0.0,0.0,0.0,16543.0,258.0
2019-12-31,57GGPD9KT,TOSHIBA MQ01ABF050,500107862016,0,1958.0,8.0,0.0,17241.0,8.0,28.0,1.0,165.0,25.0,0.0,0.0,0.0,17244.0,263.0
2019-03-05,57GGPD9NT,TOSHIBA MQ01ABF050,500107862016,1,1974.0,7.0,0.0,10018.0,7.0,14.0,3.0,338.0,31.0,0.0,0.0,0.0,10017.0,246.0
2019-12-31,57GGPD9OT,TOSHIBA MQ01ABF050,500107862016,0,2030.0,9.0,0.0,17251.0,9.0,26.0,0.0,120.0,28.0,0.0,0.0,0.0,17255.0,277.0
2019-12-31,57GGPD9PT,TOSHIBA MQ01ABF050,500107862016,0,1961.0,13.0,0.0,17249.0,13.0,2.0,1.0,181.0,29.0,0.0,0.0,0.0,17252.0,185.0
2019-12-31,57GGPD9QT,TOSHIBA MQ01ABF050,500107862016,0,2015.0,21.0,0.0,17247.0,21.0,18.0,6.0,99.0,25.0,0.0,0.0,0.0,17250.0,264.0
2019-12-31,57GGPD9RT,TOSHIBA MQ01ABF050,500107862016,0,2058.0,10.0,0.0,17244.0,10.0,18.0,2.0,125.0,26.0,0.0,0.0,0.0,17246.0,258.0
2019-03-29,57GGPD9TT,TOSHIBA MQ01ABF050,500107862016,1,2008.0,6.0,0.0,10598.0,6.0,2.0,0.0,82.0,32.0,0.0,8.0,0.0,10600.0,187.0
2019-12-31,57GGPD9UT,TOSHIBA MQ01ABF050,500107862016,0,1981.0,6.0,0.0,17239.0,6.0,3.0,0.0,113.0,31.0,0.0,0.0,0.0,17243.0,265.0
2019-12-31,57GGPD9VT,TOSHIBA MQ01ABF050,500107862016,0,1988.0,20.0,0.0,17237.0,20.0,6.0,1.0,172.0,27.0,0.0,0.0,0.0,17240.0,191.0
2019-12-31,57GGPD9WT,TOSHIBA MQ01ABF050,500107862016,0,1970.0,15.0,0.0,17243.0,15.0,14.0,1.0,180.0,26.0,0.0,0.0,0.0,17246.0,261.0
2019-12-31,57GGPD9XT,TOSHIBA MQ01ABF050,500107862016,0,2031.0,7.0,0.0,14755.0,7.0,3.0,0.0,1607.0,29.0,0.0,0.0,0.0,14750.0,169.0
2019-12-31,57GGPD9ZT,TOSHIBA MQ01ABF050,500107862016,0,2055.0,5.0,0.0,14899.0,5.0,0.0,1.0,145.0,25.0,0.0,0.0,0.0,14902.0,256.0
2019-02-20,57GGPDA0T,TOSHIBA MQ01ABF050,500107862016,0,1994.0,8.0,0.0,7378.0,8.0,1.0,2.0,1907.0,25.0,0.0,0.0,0.0,7378.0,263.0
2019-12-31,57GGPDA1T,TOSHIBA MQ01ABF050,500107862016,0,2006.0,21.0,0.0,17274.0,21.0,8.0,2.0,326.0,26.0,0.0,0.0,0.0,17275.0,184.0
2019-12-31,57GGPDA2T,TOSHIBA MQ01ABF050,500107862016,0,1973.0,9.0,0.0,14663.0,9.0,4.0,1.0,3536.0,27.0,0.0,0.0,0.0,14663.0,180.0
2019-12-31,57GGPDA4T,TOSHIBA MQ01ABF050,500107862016,0,2006.0,8.0,0.0,17267.0,8.0,20.0,0.0,118.0,26.0,0.0,0.0,0.0,17271.0,170.0
2019-12-31,57GGPDA5T,TOSHIBA MQ01ABF050,500107862016,0,2032.0,14.0,0.0,17259.0,14.0,32.0,7.0,96.0,26.0,0.0,0.0,0.0,17262.0,177.0
2019-12-31,57GGPDA6T,TOSHIBA MQ01ABF050,500107862016,0,2013.0,8.0,0.0,18890.0,8.0,7.0,1.0,7456.0,27.0,0.0,0.0,0.0,18875.0,262.0
2019-12-31,57GGPDA7T,TOSHIBA MQ01ABF050,500107862016,0,2015.0,10.0,0.0,17263.0,10.0,23.0,1.0,223.0,25.0,0.0,0.0,0.0,17268.0,174.0
2019-12-31,57GGPDA8T,TOSHIBA MQ01ABF050,500107862016,0,2015.0,4.0,0.0,18898.0,4.0,4.0,1.0,7640.0,28.0,0.0,0.0,0.0,18885.0,246.0
2019-12-31,57GGPDA9T,TOSHIBA MQ01ABF050,500107862016,0,2012.0,7.0,0.0,18886.0,7.0,14.0,0.0,8260.0,33.0,0.0,0.0,0.0,18873.0,268.0
2019-12-31,57GGPDAAT,TOSHIBA MQ01ABF050,500107862016,0,2018.0,9.0,0.0,18888.0,9.0,7.0,3.0,8918.0,30.0,0.0,0.0,0.0,18869.0,251.0
2019-12-31,57GGPDABT,TOSHIBA MQ01ABF050,500107862016,0,1976.0,5.0,0.0,18893.0,5.0,7.0,0.0,8572.0,31.0,0.0,0.0,0.0,18877.0,182.0
2019-12-31,57GGPDACT,TOSHIBA MQ01ABF050,500107862016,0,1960.0,9.0,0.0,17243.0,9.0,3.0,0.0,100.0,27.0,0.0,0.0,0.0,17246.0,258.0
2019-04-02,57GGPDADT,TOSHIBA MQ01ABF050,500107862016,1,2015.0,3.0,0.0,10689.0,3.0,1.0,0.0,90.0,27.0,0.0,24.0,0.0,10692.0,253.0
2019-12-31,57GGPDAFT,TOSHIBA MQ01ABF050,500107862016,0,1978.0,8.0,0.0,17245.0,8.0,34.0,1.0,196.0,25.0,0.0,0.0,0.0,17248.0,171.0
2019-12-31,57GGPDAGT,TOSHIBA MQ01ABF050,500107862016,0,2016.0,5.0,0.0,17240.0,5.0,47.0,0.0,94.0,23.0,0.0,0.0,0.0,17244.0,279.0
2019-10-23,57GGPDAHT,TOSHIBA MQ01ABF050,500107862016,1,1970.0,8.0,0.0,15600.0,8.0,19.0,2.0,200.0,27.0,0.0,120.0,0.0,15603.0,182.0
2019-12-31,57HBWEC7T,TOSHIBA MQ01ABF050,500107862016,0,1956.0,7.0,0.0,17957.0,7.0,2.0,1.0,13483.0,34.0,0.0,0.0,0.0,17919.0,263.0
2019-12-31,57HBWECHT,TOSHIBA MQ01ABF050,500107862016,0,2025.0,13.0,0.0,17261.0,13.0,24.0,1.0,254.0,25.0,0.0,0.0,1.0,17264.0,183.0
2019-12-31,57HBWECVT,TOSHIBA MQ01ABF050,500107862016,0,2013.0,43.0,0.0,13791.0,43.0,0.0,2.0,89389.0,34.0,0.0,0.0,0.0,13047.0,276.0
2019-12-31,57HBWED4T,TOSHIBA MQ01ABF050,500107862016,0,2002.0,8.0,0.0,17263.0,8.0,0.0,1.0,2420.0,28.0,0.0,0.0,0.0,17261.0,257.0
2019-12-31,57HBWEDPT,TOSHIBA MQ01ABF050,500107862016,0,1952.0,9.0,0.0,17948.0,9.0,2.0,1.0,13473.0,33.0,0.0,0.0,0.0,17896.0,270.0
2019-12-31,57HBWEDTT,TOSHIBA MQ01ABF050,500107862016,0,2020.0,6.0,0.0,17957.0,6.0,26.0,1.0,14162.0,41.0,0.0,0.0,0.0,17916.0,244.0
2019-10-16,57HBWEE3T,TOSHIBA MQ01ABF050,500107862016,1,2000.0,6.0,0.0,16134.0,6.0,10.0,0.0,14257.0,32.0,0.0,24.0,0.0,16092.0,181.0
2019-12-31,57HBWEE4T,TOSHIBA MQ01ABF050,500107862016,0,2038.0,14.0,0.0,17258.0,14.0,3.0,3.0,2816.0,34.0,0.0,0.0,0.0,17256.0,261.0
2019-12-31,57HBWEE5T,TOSHIBA MQ01ABF050,500107862016,0,1988.0,5.0,0.0,17257.0,5.0,64.0,0.0,2247.0,27.0,0.0,0.0,0.0,17256.0,183.0
2019-12-31,57HBWEE6T,TOSHIBA MQ01ABF050,500107862016,0,2067.0,8.0,0.0,17254.0,8.0,3.0,1.0,2983.0,29.0,0.0,8.0,0.0,17252.0,260.0
2019-12-31,57HBWEE7T,TOSHIBA MQ01ABF050,500107862016,0,1963.0,5.0,0.0,17950.0,5.0,1.0,0.0,14304.0,28.0,0.0,0.0,0.0,17909.0,259.0
2019-12-31,57HBWEE8T,TOSHIBA MQ01ABF050,500107862016,0,2012.0,14.0,0.0,17250.0,14.0,6.0,1.0,2647.0,30.0,0.0,0.0,0.0,17249.0,182.0
2019-12-31,57HBWEE9T,TOSHIBA MQ01ABF050,500107862016,0,2015.0,11.0,0.0,16701.0,11.0,1.0,0.0,795.0,33.0,0.0,0.0,0.0,16703.0,257.0
2019-12-31,57HBWEEAT,TOSHIBA MQ01ABF050,500107862016,0,2024.0,12.0,0.0,17250.0,12.0,0.0,1.0,783.0,34.0,0.0,0.0,0.0,17251.0,255.0
2019-12-31,57HBWEEBT,TOSHIBA MQ01ABF050,500107862016,0,1973.0,13.0,0.0,17265.0,13.0,1.0,1.0,2021.0,30.0,0.0,0.0,0.0,17264.0,254.0
2019-12-31,57HBWEECT,TOSHIBA MQ01ABF050,500107862016,0,1989.0,5.0,0.0,17253.0,5.0,2.0,0.0,2626.0,33.0,0.0,0.0,0.0,17253.0,191.0
2019-12-31,57HBWEEET,TOSHIBA MQ01ABF050,500107862016,0,2032.0,16.0,0.0,17952.0,16.0,0.0,4.0,13677.0,30.0,0.0,0.0,0.0,17902.0,267.0
2019-12-31,57HBWEEFT,TOSHIBA MQ01ABF050,500107862016,0,1991.0,9.0,0.0,17952.0,9.0,1.0,3.0,14020.0,27.0,0.0,0.0,0.0,17909.0,260.0
2019-12-31,57HBWEEGT,TOSHIBA MQ01ABF050,500107862016,0,2017.0,6.0,0.0,17949.0,6.0,2.0,1.0,13247.0,42.0,0.0,0.0,0.0,17896.0,254.0
2019-12-31,57HBWEEHT,TOSHIBA MQ01ABF050,500107862016,0,2013.0,8.0,680.0,17952.0,8.0,1.0,1.0,13372.0,33.0,67.0,0.0,0.0,17913.0,255.0
2019-12-31,57HBWEEIT,TOSHIBA MQ01ABF050,500107862016,0,2007.0,6.0,0.0,17951.0,6.0,1.0,1.0,13608.0,33.0,0.0,0.0,0.0,17908.0,268.0
2019-12-31,57HBWEEJT,TOSHIBA MQ01ABF050,500107862016,0,1987.0,5.0,0.0,17956.0,5.0,1.0,1.0,13806.0,33.0,0.0,0.0,0.0,17913.0,250.0
2019-12-16,57HBWEEKT,TOSHIBA MQ01ABF050,500107862016,1,2008.0,11.0,0.0,17578.0,11.0,55.0,2.0,14044.0,38.0,0.0,2712.0,0.0,17532.0,263.0
2019-12-31,57HBWEELT,TOSHIBA MQ01ABF050,500107862016,0,1972.0,10.0,0.0,17944.0,10.0,5.0,0.0,13816.0,30.0,0.0,0.0,0.0,17894.0,263.0
2019-12-31,57HBWEEMT,TOSHIBA MQ01ABF050,500107862016,0,1978.0,15.0,0.0,17954.0,15.0,3.0,5.0,13899.0,34.0,0.0,0.0,0.0,17909.0,263.0
2019-12-31,57HBWEENT,TOSHIBA MQ01ABF050,500107862016,0,1978.0,6.0,0.0,17945.0,6.0,11.0,1.0,13589.0,33.0,0.0,0.0,0.0,17902.0,278.0
2019-12-31,57HBWEEOT,TOSHIBA MQ01ABF050,500107862016,0,2008.0,13.0,0.0,17952.0,13.0,31.0,3.0,13506.0,36.0,0.0,0.0,0.0,17903.0,250.0
2019-12-31,57HBWEEQT,TOSHIBA MQ01ABF050,500107862016,0,1992.0,13.0,0.0,17954.0,13.0,1.0,2.0,14119.0,33.0,0.0,0.0,0.0,17908.0,253.0
2019-09-09,57HBWEEST,TOSHIBA MQ01ABF050,500107862016,1,1980.0,9.0,0.0,15239.0,9.0,0.0,1.0,13578.0,33.0,0.0,32.0,0.0,15193.0,171.0
2019-12-31,57HBWEEUT,TOSHIBA MQ01ABF050,500107862016,0,1982.0,6.0,0.0,18864.0,6.0,3.0,2.0,7975.0,31.0,0.0,0.0,0.0,18848.0,266.0
2019-12-31,57HBWEEVT,TOSHIBA MQ01ABF050,500107862016,0,1998.0,21.0,0.0,17261.0,21.0,21.0,4.0,258.0,25.0,0.0,0.0,0.0,17262.0,276.0
2019-12-31,57HBWEEWT,TOSHIBA MQ01ABF050,500107862016,0,1993.0,6.0,0.0,18888.0,6.0,11.0,2.0,8229.0,32.0,0.0,0.0,0.0,18873.0,257.0
2019-12-31,57HBWEEXT,TOSHIBA MQ01ABF050,500107862016,0,2009.0,7.0,0.0,18893.0,7.0,4.0,1.0,8030.0,27.0,0.0,0.0,0.0,18871.0,273.0
2019-12-31,57HBWEEYT,TOSHIBA MQ01ABF050,500107862016,0,1946.0,10.0,0.0,18893.0,10.0,2.0,1.0,7598.0,28.0,0.0,0.0,0.0,18875.0,180.0
2019-12-31,57HBWEEZT,TOSHIBA MQ01ABF050,500107862016,0,1982.0,7.0,0.0,18895.0,7.0,7.0,0.0,8130.0,27.0,0.0,0.0,0.0,18883.0,262.0
2019-12-31,57HBWEF0T,TOSHIBA MQ01ABF050,500107862016,0,2005.0,8.0,0.0,17261.0,8.0,15.0,2.0,230.0,27.0,0.0,0.0,0.0,17265.0,178.0
2019-12-26,57HBWEF1T,TOSHIBA MQ01ABF050,500107862016,0,2051.0,19.0,0.0,17117.0,19.0,22.0,1.0,106.0,25.0,0.0,0.0,0.0,17119.0,173.0
2019-08-15,57HBWEF2T,TOSHIBA MQ01ABF050,500107862016,1,1997.0,7.0,0.0,15581.0,7.0,7.0,1.0,8435.0,28.0,0.0,16.0,0.0,15567.0,263.0
2019-12-31,57HBWEF3T,TOSHIBA MQ01ABF050,500107862016,0,1980.0,5.0,0.0,18890.0,5.0,2.0,1.0,8055.0,28.0,0.0,0.0,0.0,18877.0,248.0
2019-12-31,57HBWEF4T,TOSHIBA MQ01ABF050,500107862016,0,1997.0,11.0,0.0,18899.0,11.0,12.0,1.0,7677.0,27.0,0.0,0.0,0.0,18875.0,180.0
2019-12-31,57HBWEF5T,TOSHIBA MQ01ABF050,500107862016,0,1990.0,10.0,0.0,18891.0,10.0,9.0,4.0,6766.0,30.0,0.0,0.0,0.0,18876.0,173.0
2019-12-31,57HBWEF6T,TOSHIBA MQ01ABF050,500107862016,0,2009.0,5.0,0.0,18902.0,5.0,5.0,1.0,8490.0,33.0,0.0,0.0,0.0,18887.0,265.0
2019-12-31,57HBWEF7T,TOSHIBA MQ01ABF050,500107862016,0,1972.0,5.0,0.0,18901.0,5.0,0.0,1.0,8337.0,25.0,0.0,0.0,0.0,18885.0,262.0
2019-12-31,57HBWEF8T,TOSHIBA MQ01ABF050,500107862016,0,2005.0,6.0,0.0,18895.0,6.0,5.0,1.0,7532.0,27.0,0.0,0.0,0.0,18882.0,249.0
2019-12-31,57HBWEF9T,TOSHIBA MQ01ABF050,500107862016,0,2034.0,10.0,0.0,18899.0,10.0,8.0,2.0,8635.0,28.0,0.0,0.0,0.0,18882.0,262.0
2019-12-31,57HBWEFAT,TOSHIBA MQ01ABF050,500107862016,0,2045.0,7.0,0.0,18889.0,7.0,5.0,3.0,8085.0,27.0,0.0,0.0,0.0,18874.0,271.0
2019-06-29,57HDTBTFT,TOSHIBA MQ01ABF050,500107862016,0,1984.0,19.0,0.0,11787.0,19.0,6.0,6.0,8361.0,30.0,0.0,8.0,0.0,11767.0,164.0
2019-12-31,57HDTBTOT,TOSHIBA MQ01ABF050,500107862016,0,2017.0,13.0,0.0,15765.0,13.0,3.0,1.0,7073.0,38.0,0.0,0.0,0.0,15750.0,183.0
2019-12-31,57HDTBTQT,TOSHIBA MQ01ABF050,500107862016,0,2010.0,7.0,0.0,16590.0,7.0,18.0,0.0,8051.0,32.0,0.0,0.0,0.0,16574.0,260.0
2019-12-31,57HDTBTRT,TOSHIBA MQ01ABF050,500107862016,0,2040.0,10.0,0.0,15755.0,10.0,9.0,0.0,7828.0,26.0,0.0,0.0,0.0,15740.0,185.0
2019-12-31,57HDTBTST,TOSHIBA MQ01ABF050,500107862016,0,2019.0,7.0,0.0,16576.0,7.0,3.0,0.0,8066.0,31.0,0.0,0.0,0.0,16560.0,257.0
2019-12-31,57HDTBTTT,TOSHIBA MQ01ABF050,500107862016,0,2027.0,11.0,0.0,16584.0,11.0,4.0,1.0,8211.0,30.0,0.0,0.0,0.0,16567.0,261.0
2019-12-31,57HDTBTUT,TOSHIBA MQ01ABF050,500107862016,0,1970.0,13.0,0.0,16584.0,13.0,4.0,2.0,8096.0,30.0,0.0,0.0,0.0,16567.0,275.0
2019-12-31,57HDTBTVT,TOSHIBA MQ01ABF050,500107862016,0,2005.0,17.0,0.0,15750.0,17.0,5.0,2.0,7243.0,33.0,0.0,0.0,0.0,15733.0,190.0
2019-12-31,57HDTBTWT,TOSHIBA MQ01ABF050,500107862016,0,2034.0,9.0,0.0,16574.0,9.0,1.0,1.0,7879.0,24.0,0.0,0.0,0.0,16560.0,270.0
2019-12-31,57HDTBTXT,TOSHIBA MQ01ABF050,500107862016,0,1992.0,8.0,0.0,16695.0,8.0,4.0,0.0,8142.0,26.0,0.0,0.0,0.0,16680.0,273.0
2019-08-15,57HDTBTYT,TOSHIBA MQ01ABF050,500107862016,1,1999.0,10.0,0.0,13280.0,10.0,7.0,0.0,7674.0,34.0,0.0,0.0,0.0,13262.0,172.0
2019-12-31,57HDTBTZT,TOSHIBA MQ01ABF050,500107862016,0,1987.0,15.0,0.0,16683.0,15.0,2.0,3.0,8176.0,30.0,0.0,0.0,0.0,16663.0,267.0
2019-12-31,57HDTBU0T,TOSHIBA MQ01ABF050,500107862016,0,1985.0,11.0,0.0,15783.0,11.0,5.0,0.0,6814.0,32.0,0.0,0.0,0.0,15766.0,176.0
2019-12-31,57HDTBU2T,TOSHIBA MQ01ABF050,500107862016,0,1988.0,10.0,0.0,16706.0,10.0,4.0,3.0,7659.0,27.0,0.0,0.0,0.0,16685.0,247.0
2019-12-31,57HDTBU3T,TOSHIBA MQ01ABF050,500107862016,0,1977.0,19.0,80.0,16588.0,19.0,3.0,2.0,7905.0,27.0,9.0,0.0,0.0,16571.0,261.0
2019-12-31,57HDTBU4T,TOSHIBA MQ01ABF050,500107862016,0,1982.0,20.0,0.0,15751.0,20.0,9.0,2.0,7834.0,34.0,0.0,0.0,0.0,15734.0,264.0
2019-12-31,57HDTBU5T,TOSHIBA MQ01ABF050,500107862016,0,1976.0,8.0,0.0,16658.0,8.0,1.0,0.0,55422.0,31.0,0.0,0.0,0.0,16521.0,268.0
2019-12-31,57HDTBU6T,TOSHIBA MQ01ABF050,500107862016,0,2025.0,15.0,0.0,15759.0,15.0,10.0,2.0,7949.0,33.0,0.0,0.0,0.0,15739.0,175.0
2019-12-31,57HDTBU7T,TOSHIBA MQ01ABF050,500107862016,0,2014.0,13.0,0.0,16589.0,13.0,5.0,0.0,8338.0,24.0,0.0,0.0,0.0,16573.0,259.0
2019-12-31,57HDTBUIT,TOSHIBA MQ01ABF050,500107862016,0,1963.0,17.0,0.0,15771.0,17.0,5.0,0.0,7530.0,32.0,0.0,0.0,0.0,15750.0,195.0
2019-12-31,57METM6HT,TOSHIBA MQ01ABF050,500107862016,0,2034.0,13.0,368.0,18888.0,13.0,8.0,0.0,8871.0,27.0,46.0,0.0,0.0,18854.0,186.0
2019-12-31,57METM6KT,TOSHIBA MQ01ABF050,500107862016,0,1957.0,10.0,0.0,18874.0,10.0,1089.0,0.0,8673.0,26.0,0.0,0.0,0.0,18837.0,250.0
2019-12-31,57METM6LT,TOSHIBA MQ01ABF050,500107862016,0,1945.0,8.0,0.0,18880.0,8.0,10.0,1.0,9538.0,30.0,0.0,0.0,0.0,18847.0,260.0
2019-12-31,57QEWPX8T,TOSHIBA MQ01ABF050,500107862016,0,1993.0,4.0,0.0,20364.0,4.0,12.0,0.0,349.0,33.0,0.0,0.0,0.0,20369.0,175.0
2019-09-01,57QEWPX9T,TOSHIBA MQ01ABF050,500107862016,1,2038.0,5.0,0.0,17080.0,5.0,14.0,0.0,2386.0,27.0,0.0,0.0,0.0,17076.0,178.0
2019-04-15,57QEWPXBT,TOSHIBA MQ01ABF050,500107862016,1,2027.0,9.0,0.0,13764.0,9.0,6.0,3.0,2435.0,26.0,0.0,8.0,0.0,13761.0,176.0
2019-05-20,57QEWPXCT,TOSHIBA MQ01ABF050,500107862016,1,2005.0,6.0,0.0,14604.0,6.0,8.0,1.0,2452.0,29.0,0.0,0.0,0.0,14600.0,279.0
2019-12-31,57QEWPXDT,TOSHIBA MQ01ABF050,500107862016,0,2028.0,14.0,0.0,16148.0,14.0,1.0,2.0,78035.0,34.0,0.0,0.0,0.0,15879.0,181.0
2019-03-26,57QEWPXET,TOSHIBA MQ01ABF050,500107862016,1,1985.0,5.0,0.0,13658.0,5.0,3.0,0.0,522.0,31.0,0.0,8.0,0.0,13659.0,176.0
2019-12-31,57QEWPXFT,TOSHIBA MQ01ABF050,500107862016,0,2015.0,6.0,0.0,20016.0,6.0,7.0,0.0,2203.0,27.0,0.0,0.0,0.0,20013.0,180.0
2019-12-31,57QEWPXGT,TOSHIBA MQ01ABF050,500107862016,0,1981.0,11.0,0.0,18700.0,11.0,4.0,1.0,226.0,19.0,0.0,0.0,0.0,18702.0,256.0
2019-12-31,57QEWPXHT,TOSHIBA MQ01ABF050,500107862016,0,1972.0,6.0,0.0,20011.0,6.0,30.0,0.0,2488.0,28.0,0.0,0.0,0.0,20008.0,175.0
2019-12-31,57QEWPXIT,TOSHIBA MQ01ABF050,500107862016,0,2041.0,6.0,0.0,20005.0,6.0,6.0,0.0,2059.0,27.0,0.0,0.0,0.0,19998.0,261.0
2019-12-31,57QEWPXJT,TOSHIBA MQ01ABF050,500107862016,0,2039.0,5.0,0.0,20011.0,5.0,11.0,0.0,2324.0,27.0,0.0,0.0,0.0,20009.0,196.0
2019-04-06,57QEWPXKT,TOSHIBA MQ01ABF050,500107862016,0,2044.0,5.0,0.0,14204.0,5.0,4.0,0.0,3470.0,30.0,0.0,0.0,0.0,14197.0,254.0
2019-07-14,57QEWPXLT,TOSHIBA MQ01ABF050,500107862016,1,2041.0,5.0,0.0,15927.0,5.0,4.0,0.0,2090.0,25.0,0.0,32.0,0.0,15924.0,183.0
2019-12-31,57QEWPXMT,TOSHIBA MQ01ABF050,500107862016,0,2022.0,7.0,0.0,20660.0,7.0,21.0,0.0,3236.0,31.0,0.0,0.0,0.0,20656.0,258.0
2019-06-19,57QEWPXNT,TOSHIBA MQ01ABF050,500107862016,1,2067.0,7.0,0.0,15964.0,7.0,16.0,0.0,2262.0,31.0,0.0,16.0,0.0,15963.0,257.0
2019-12-31,57QEWPXOT,TOSHIBA MQ01ABF050,500107862016,0,2001.0,6.0,0.0,20656.0,6.0,7.0,1.0,3216.0,35.0,0.0,0.0,0.0,20653.0,254.0
2019-12-31,57QEWPXPT,TOSHIBA MQ01ABF050,500107862016,0,1973.0,6.0,0.0,20649.0,6.0,27.0,0.0,3278.0,36.0,0.0,0.0,0.0,20646.0,260.0
2019-03-01,57QEWPXQT,TOSHIBA MQ01ABF050,500107862016,1,1997.0,4.0,0.0,13048.0,4.0,12.0,0.0,433.0,34.0,0.0,24.0,0.0,13050.0,178.0
2019-12-31,57QEWPXRT,TOSHIBA MQ01ABF050,500107862016,0,2048.0,9.0,0.0,20364.0,9.0,4.0,0.0,687.0,37.0,0.0,0.0,0.0,20367.0,172.0
2019-11-26,57QEWPXST,TOSHIBA MQ01ABF050,500107862016,1,2013.0,6.0,0.0,19805.0,6.0,9.0,0.0,2891.0,30.0,0.0,0.0,0.0,19802.0,248.0
2019-07-14,57QEWPXTT,TOSHIBA MQ01ABF050,500107862016,1,1993.0,6.0,0.0,16580.0,6.0,5.0,0.0,3340.0,34.0,0.0,256.0,0.0,16575.0,171.0
2019-12-31,57QEWPXUT,TOSHIBA MQ01ABF050,500107862016,0,2028.0,11.0,0.0,20659.0,11.0,12.0,2.0,3159.0,30.0,0.0,8.0,0.0,20655.0,192.0
2019-12-31,57QEWPXVT,TOSHIBA MQ01ABF050,500107862016,0,1978.0,4.0,0.0,20364.0,4.0,5.0,0.0,657.0,33.0,0.0,0.0,0.0,20367.0,254.0
2019-12-31,57QEWPXWT,TOSHIBA MQ01ABF050,500107862016,0,2031.0,8.0,0.0,20369.0,8.0,30.0,1.0,518.0,33.0,0.0,8.0,0.0,20373.0,174.0
2019-12-31,57QEWPXXT,TOSHIBA MQ01ABF050,500107862016,0,2013.0,5.0,0.0,20650.0,5.0,10.0,0.0,3155.0,31.0,0.0,0.0,0.0,20648.0,268.0
2019-12-31,57QEWPXYT,TOSHIBA MQ01ABF050,500107862016,0,2011.0,7.0,0.0,20654.0,7.0,7.0,0.0,3140.0,30.0,0.0,0.0,0.0,20653.0,180.0
2019-12-31,57QEWPXZT,TOSHIBA MQ01ABF050,500107862016,0,2019.0,7.0,0.0,20657.0,7.0,8.0,0.0,3239.0,30.0,0.0,0.0,0.0,20654.0,266.0
2019-12-31,57QEWPY0T,TOSHIBA MQ01ABF050,500107862016,0,2026.0,5.0,0.0,20373.0,5.0,4.0,1.0,374.0,33.0,0.0,0.0,0.0,20377.0,174.0
2019-12-31,57QEWPY1T,TOSHIBA MQ01ABF050,500107862016,0,2008.0,6.0,0.0,20360.0,6.0,5.0,0.0,225.0,33.0,0.0,0.0,0.0,20364.0,183.0
2019-12-31,57QEWPY2T,TOSHIBA MQ01ABF050,500107862016,0,2037.0,17.0,0.0,16108.0,17.0,0.0,2.0,78789.0,31.0,0.0,0.0,0.0,15830.0,180.0
2019-12-31,57QEWPY3T,TOSHIBA MQ01ABF050,500107862016,0,2009.0,5.0,0.0,20359.0,5.0,8.0,1.0,319.0,33.0,0.0,0.0,0.0,20363.0,265.0
2019-12-31,57QEWPY5T,TOSHIBA MQ01ABF050,500107862016,0,1939.0,7.0,0.0,20013.0,7.0,9.0,1.0,2489.0,25.0,0.0,0.0,0.0,20010.0,191.0
2019-12-31,57QEWPY6T,TOSHIBA MQ01ABF050,500107862016,0,1978.0,12.0,0.0,16440.0,12.0,8.0,1.0,82153.0,33.0,0.0,0.0,0.0,15876.0,185.0
2019-12-31,57QEWPY9T,TOSHIBA MQ01ABF050,500107862016,0,2005.0,7.0,0.0,20008.0,7.0,35.0,1.0,2030.0,26.0,0.0,0.0,0.0,20005.0,180.0
2019-12-31,57QEWPYAT,TOSHIBA MQ01ABF050,500107862016,0,2029.0,15.0,0.0,16892.0,15.0,8.0,2.0,34118.0,25.0,0.0,0.0,0.0,16746.0,270.0
2019-12-31,57QEWPYBT,TOSHIBA MQ01ABF050,500107862016,0,2007.0,23.0,0.0,19380.0,23.0,28.0,3.0,12189.0,27.0,0.0,0.0,0.0,19343.0,182.0
2019-12-31,57QEWPYCT,TOSHIBA MQ01ABF050,500107862016,0,2009.0,13.0,0.0,19374.0,13.0,5.0,2.0,12384.0,25.0,0.0,0.0,0.0,19337.0,177.0
2019-12-31,57QEWPYDT,TOSHIBA MQ01ABF050,500107862016,0,2043.0,5.0,0.0,19388.0,5.0,5.0,0.0,12150.0,28.0,0.0,0.0,0.0,19352.0,184.0
2019-12-31,57QEWPYET,TOSHIBA MQ01ABF050,500107862016,0,2050.0,9.0,0.0,20374.0,9.0,3.0,1.0,565.0,34.0,0.0,0.0,0.0,20377.0,184.0
2019-12-31,57QEWPYFT,TOSHIBA MQ01ABF050,500107862016,0,2033.0,8.0,0.0,18418.0,8.0,5.0,1.0,579.0,27.0,0.0,0.0,0.0,18420.0,195.0
2019-12-31,57QEWPYGT,TOSHIBA MQ01ABF050,500107862016,0,1999.0,11.0,0.0,20361.0,11.0,6.0,4.0,481.0,32.0,0.0,0.0,0.0,20363.0,175.0
2019-12-31,57QEWPYHT,TOSHIBA MQ01ABF050,500107862016,0,1993.0,6.0,0.0,20010.0,6.0,66.0,0.0,2516.0,26.0,0.0,0.0,0.0,20007.0,258.0
2019-12-31,57QEWPYIT,TOSHIBA MQ01ABF050,500107862016,0,1996.0,7.0,0.0,20016.0,7.0,10.0,0.0,2450.0,26.0,0.0,0.0,0.0,20011.0,247.0
2019-12-31,57QEWPYJT,TOSHIBA MQ01ABF050,500107862016,0,2020.0,9.0,0.0,20012.0,9.0,2.0,1.0,2470.0,24.0,0.0,0.0,0.0,20009.0,191.0
2019-12-31,57QEWPYKT,TOSHIBA MQ01ABF050,500107862016,0,1994.0,5.0,0.0,20013.0,5.0,28.0,0.0,2432.0,25.0,0.0,0.0,0.0,20011.0,190.0
2019-12-31,57QEWPYMT,TOSHIBA MQ01ABF050,500107862016,0,1955.0,10.0,0.0,20006.0,10.0,11.0,2.0,2397.0,25.0,0.0,0.0,0.0,20003.0,176.0
2019-12-31,57RFWNG7T,TOSHIBA MQ01ABF050,500107862016,0,2005.0,10.0,0.0,20010.0,10.0,31.0,1.0,1758.0,29.0,0.0,0.0,0.0,20003.0,176.0
2019-05-06,57RFWNHFT,TOSHIBA MQ01ABF050,500107862016,1,1995.0,3.0,0.0,14640.0,3.0,0.0,0.0,569.0,32.0,0.0,0.0,0.0,14642.0,265.0
2019-12-31,57RFWNHGT,TOSHIBA MQ01ABF050,500107862016,0,1952.0,13.0,0.0,19357.0,13.0,21.0,1.0,11266.0,30.0,0.0,0.0,0.0,19334.0,170.0
2019-12-31,57RFWNHHT,TOSHIBA MQ01ABF050,500107862016,0,1979.0,5.0,0.0,20001.0,5.0,13.0,0.0,2362.0,28.0,0.0,0.0,0.0,19999.0,186.0
2019-12-31,57RFWNHIT,TOSHIBA MQ01ABF050,500107862016,0,1973.0,9.0,0.0,20002.0,9.0,35.0,0.0,2171.0,26.0,0.0,0.0,0.0,19998.0,188.0
2019-12-31,57RFWNHJT,TOSHIBA MQ01ABF050,500107862016,0,2017.0,11.0,672.0,20013.0,11.0,20.0,1.0,2103.0,26.0,53.0,0.0,0.0,20010.0,179.0
2019-12-31,57RFWNHKT,TOSHIBA MQ01ABF050,500107862016,0,1999.0,12.0,0.0,19370.0,12.0,9.0,2.0,11553.0,27.0,0.0,0.0,0.0,19342.0,194.0
2019-12-31,57RFWNHLT,TOSHIBA MQ01ABF050,500107862016,0,1983.0,7.0,0.0,20001.0,7.0,51.0,0.0,2004.0,25.0,0.0,0.0,0.0,19998.0,182.0
2019-12-31,57RFWNHMT,TOSHIBA MQ01ABF050,500107862016,0,2007.0,8.0,0.0,19382.0,8.0,13.0,0.0,12661.0,26.0,0.0,0.0,0.0,19351.0,181.0
2019-12-31,57RFWNHNT,TOSHIBA MQ01ABF050,500107862016,0,1984.0,14.0,0.0,19375.0,14.0,11.0,2.0,12910.0,26.0,0.0,0.0,0.0,19345.0,202.0
2019-12-31,66GHS5M3S,TOSHIBA MQ01ABF050,500107862016,0,1322.0,14.0,0.0,22608.0,14.0,1.0,2.0,8463.0,33.0,0.0,0.0,0.0,22586.0,258.0
2019-12-31,66GHS5M5S,TOSHIBA MQ01ABF050,500107862016,0,1330.0,17.0,0.0,22603.0,17.0,9.0,1.0,8373.0,33.0,0.0,0.0,0.0,22585.0,258.0
2019-12-31,66GHS5M9S,TOSHIBA MQ01ABF050,500107862016,0,1321.0,8.0,0.0,22608.0,8.0,16.0,1.0,8084.0,37.0,0.0,0.0,0.0,22590.0,257.0
2019-12-31,66GHS5MAS,TOSHIBA MQ01ABF050,500107862016,0,1333.0,18.0,0.0,22606.0,18.0,2.0,1.0,8112.0,31.0,0.0,0.0,0.0,22588.0,251.0
2019-12-31,66GHS5MBS,TOSHIBA MQ01ABF050,500107862016,0,1319.0,11.0,0.0,22598.0,11.0,1.0,2.0,8341.0,30.0,0.0,0.0,0.0,22579.0,281.0
2019-12-31,66GHS5MCS,TOSHIBA MQ01ABF050,500107862016,0,1320.0,20.0,0.0,22602.0,20.0,5.0,1.0,8168.0,37.0,0.0,0.0,0.0,22583.0,256.0
2019-12-31,66GHS5MDS,TOSHIBA MQ01ABF050,500107862016,0,1358.0,5.0,0.0,22600.0,5.0,0.0,0.0,8013.0,30.0,0.0,0.0,0.0,22583.0,256.0
2019-12-31,66GHS5MES,TOSHIBA MQ01ABF050,500107862016,0,1354.0,4.0,0.0,22599.0,4.0,0.0,0.0,7859.0,28.0,0.0,0.0,0.0,22583.0,269.0
2019-12-31,66GHS5MFS,TOSHIBA MQ01ABF050,500107862016,0,1327.0,12.0,0.0,22263.0,12.0,23.0,2.0,2132.0,29.0,0.0,0.0,0.0,22259.0,259.0
2019-12-31,66GHS5MGS,TOSHIBA MQ01ABF050,500107862016,0,1321.0,11.0,0.0,22267.0,11.0,40.0,0.0,1599.0,29.0,0.0,0.0,0.0,22259.0,265.0
2019-12-31,66GHS5MHS,TOSHIBA MQ01ABF050,500107862016,0,1354.0,8.0,0.0,24346.0,8.0,23.0,1.0,4738.0,30.0,0.0,0.0,0.0,24335.0,261.0
2019-12-31,66GHS5MJS,TOSHIBA MQ01ABF050,500107862016,0,1337.0,12.0,0.0,24907.0,12.0,56.0,0.0,936.0,30.0,0.0,0.0,0.0,24912.0,266.0
2019-12-31,66GHS5MKS,TOSHIBA MQ01ABF050,500107862016,0,1309.0,13.0,0.0,22605.0,13.0,0.0,1.0,8205.0,30.0,0.0,0.0,0.0,22584.0,255.0
2019-12-31,66GHS5MLS,TOSHIBA MQ01ABF050,500107862016,0,1321.0,6.0,0.0,21666.0,6.0,7.0,0.0,1786.0,36.0,0.0,0.0,0.0,21661.0,266.0
2019-01-05,66GHS5MMS,TOSHIBA MQ01ABF050,500107862016,1,1336.0,6.0,0.0,16011.0,6.0,4.0,1.0,2673.0,32.0,0.0,8.0,0.0,16006.0,251.0
2019-12-31,66GHS5MNS,TOSHIBA MQ01ABF050,500107862016,0,1327.0,12.0,0.0,21668.0,12.0,18.0,1.0,1942.0,31.0,0.0,0.0,0.0,21663.0,174.0
2019-12-31,66GHS5MOS,TOSHIBA MQ01ABF050,500107862016,0,1318.0,11.0,0.0,24357.0,11.0,16.0,2.0,5083.0,34.0,0.0,0.0,0.0,24349.0,264.0
2019-12-31,66GHS5MQS,TOSHIBA MQ01ABF050,500107862016,0,1309.0,6.0,0.0,24351.0,6.0,31.0,1.0,5051.0,33.0,0.0,0.0,0.0,24343.0,261.0
2019-12-31,66GHS5MRS,TOSHIBA MQ01ABF050,500107862016,0,1322.0,10.0,0.0,24650.0,10.0,6.0,0.0,2526.0,36.0,0.0,0.0,0.0,24644.0,160.0
2019-12-31,66GHS5MSS,TOSHIBA MQ01ABF050,500107862016,0,1326.0,14.0,0.0,25775.0,14.0,6.0,1.0,301.0,30.0,0.0,0.0,0.0,25781.0,161.0
2019-12-31,66GHS5MTS,TOSHIBA MQ01ABF050,500107862016,0,1314.0,15.0,0.0,24642.0,15.0,18.0,2.0,2811.0,37.0,0.0,0.0,0.0,24638.0,256.0
2019-12-31,66GHS5MUS,TOSHIBA MQ01ABF050,500107862016,0,1315.0,4.0,0.0,24834.0,4.0,0.0,0.0,362.0,32.0,0.0,0.0,0.0,24840.0,254.0
2019-12-31,66GHS5MVS,TOSHIBA MQ01ABF050,500107862016,0,1337.0,8.0,0.0,24643.0,8.0,15.0,1.0,2792.0,36.0,0.0,0.0,0.0,24638.0,175.0
2019-12-31,66GHS5MWS,TOSHIBA MQ01ABF050,500107862016,0,1322.0,5.0,0.0,24644.0,5.0,16.0,0.0,2670.0,37.0,0.0,0.0,0.0,24642.0,177.0
2019-12-31,66GHS5MXS,TOSHIBA MQ01ABF050,500107862016,0,1297.0,11.0,0.0,25802.0,11.0,18.0,4.0,204.0,32.0,0.0,0.0,0.0,25807.0,261.0
2019-12-31,66GHS5MYS,TOSHIBA MQ01ABF050,500107862016,0,1296.0,12.0,0.0,27046.0,12.0,35.0,2.0,364.0,36.0,0.0,0.0,0.0,27051.0,186.0
2019-09-09,66GHS5MZS,TOSHIBA MQ01ABF050,500107862016,1,1319.0,6.0,0.0,17946.0,6.0,3.0,2.0,3080.0,32.0,0.0,8.0,0.0,17942.0,168.0
2019-12-31,66GHS5N0S,TOSHIBA MQ01ABF050,500107862016,0,1312.0,12.0,0.0,22594.0,12.0,28.0,0.0,7706.0,30.0,0.0,0.0,0.0,22575.0,256.0
2019-06-27,66GHS5N1S,TOSHIBA MQ01ABF050,500107862016,1,1317.0,10.0,1000.0,19190.0,10.0,6.0,1.0,255.0,30.0,110.0,0.0,0.0,19194.0,189.0
2019-12-31,66GHS5N2S,TOSHIBA MQ01ABF050,500107862016,0,1310.0,5.0,0.0,20657.0,5.0,7.0,1.0,3019.0,29.0,0.0,0.0,0.0,20650.0,272.0
2019-12-31,66GHS5N4S,TOSHIBA MQ01ABF050,500107862016,0,1300.0,8.0,0.0,20660.0,8.0,7.0,1.0,3282.0,33.0,0.0,0.0,0.0,20656.0,175.0
2019-12-31,66GHS5N5S,TOSHIBA MQ01ABF050,500107862016,0,1321.0,7.0,0.0,27047.0,7.0,16.0,1.0,341.0,32.0,0.0,0.0,0.0,27052.0,251.0
2019-12-31,66GHS5N6S,TOSHIBA MQ01ABF050,500107862016,0,1324.0,9.0,0.0,27051.0,9.0,11.0,2.0,539.0,31.0,0.0,0.0,0.0,27055.0,173.0
2019-12-31,66GHS5N7S,TOSHIBA MQ01ABF050,500107862016,0,1304.0,5.0,0.0,20649.0,5.0,26.0,0.0,3195.0,32.0,0.0,0.0,0.0,20645.0,264.0
2019-12-31,66GHS5N8S,TOSHIBA MQ01ABF050,500107862016,0,1349.0,10.0,0.0,27046.0,10.0,20.0,2.0,464.0,33.0,0.0,0.0,0.0,27051.0,184.0
2019-12-31,66GHS5N9S,TOSHIBA MQ01ABF050,500107862016,0,1348.0,8.0,0.0,27790.0,8.0,3.0,1.0,8529.0,30.0,0.0,0.0,0.0,27773.0,168.0
2019-12-31,66GHS5NAS,TOSHIBA MQ01ABF050,500107862016,0,2002.0,6.0,0.0,27778.0,6.0,1.0,3.0,8350.0,29.0,0.0,0.0,0.0,27760.0,264.0
2019-12-31,66GHS5NBS,TOSHIBA MQ01ABF050,500107862016,0,1297.0,10.0,0.0,27041.0,10.0,9.0,1.0,331.0,30.0,0.0,0.0,0.0,27045.0,189.0
2019-12-31,66GHS5NCS,TOSHIBA MQ01ABF050,500107862016,0,1329.0,14.0,0.0,27779.0,14.0,6.0,2.0,8367.0,30.0,0.0,0.0,0.0,27760.0,176.0
2019-12-31,66GHS5NDS,TOSHIBA MQ01ABF050,500107862016,0,1310.0,12.0,0.0,24292.0,12.0,23.0,0.0,12381.0,33.0,0.0,0.0,0.0,24259.0,199.0
2019-12-31,66GHS5NES,TOSHIBA MQ01ABF050,500107862016,0,1311.0,7.0,0.0,27781.0,7.0,1.0,1.0,8458.0,29.0,0.0,0.0,0.0,27763.0,179.0
2019-12-31,66GHS5NFS,TOSHIBA MQ01ABF050,500107862016,0,1337.0,6.0,0.0,27792.0,6.0,6.0,0.0,8771.0,33.0,0.0,0.0,0.0,27773.0,180.0
2019-12-31,66GHS5NHS,TOSHIBA MQ01ABF050,500107862016,0,1338.0,6.0,0.0,25755.0,6.0,7.0,0.0,8781.0,29.0,0.0,40.0,0.0,25737.0,251.0
2019-12-31,66GHS5NIS,TOSHIBA MQ01ABF050,500107862016,0,1322.0,6.0,0.0,27793.0,6.0,8.0,2.0,8633.0,30.0,0.0,0.0,0.0,27774.0,275.0
2019-12-31,66GHS5NJS,TOSHIBA MQ01ABF050,500107862016,0,1972.0,4.0,0.0,27790.0,4.0,5.0,1.0,8584.0,32.0,0.0,0.0,0.0,27773.0,177.0
2019-12-31,66GHS5NKS,TOSHIBA MQ01ABF050,500107862016,0,1336.0,7.0,0.0,27788.0,7.0,13.0,1.0,8315.0,29.0,0.0,0.0,0.0,27772.0,249.0
2019-12-31,66HLS2O7S,TOSHIBA MQ01ABF050,500107862016,0,1342.0,8.0,0.0,24633.0,8.0,9.0,1.0,2436.0,37.0,0.0,0.0,0.0,24632.0,189.0
2019-12-31,66HLS2O8S,TOSHIBA MQ01ABF050,500107862016,0,1323.0,8.0,0.0,24358.0,8.0,6.0,2.0,5164.0,41.0,0.0,0.0,0.0,24349.0,174.0
2019-12-31,66HLS2O9S,TOSHIBA MQ01ABF050,500107862016,0,1317.0,5.0,0.0,24624.0,5.0,22.0,0.0,1108.0,40.0,0.0,0.0,0.0,24625.0,175.0
2019-12-31,66HLS2OCS,TOSHIBA MQ01ABF050,500107862016,0,1339.0,7.0,0.0,24357.0,7.0,16.0,0.0,5084.0,36.0,0.0,0.0,0.0,24349.0,262.0
2019-12-31,66HLS2ODS,TOSHIBA MQ01ABF050,500107862016,0,1311.0,8.0,0.0,24344.0,8.0,34.0,1.0,5370.0,38.0,0.0,0.0,0.0,24337.0,259.0
2019-12-31,66HLS2OES,TOSHIBA MQ01ABF050,500107862016,0,1284.0,10.0,0.0,24634.0,10.0,20.0,2.0,2648.0,38.0,0.0,0.0,0.0,24631.0,168.0
2019-12-31,66HLS2OFS,TOSHIBA MQ01ABF050,500107862016,0,1325.0,5.0,0.0,27790.0,5.0,16.0,3.0,9254.0,33.0,0.0,0.0,0.0,27769.0,181.0
2019-12-31,66HLS2OGS,TOSHIBA MQ01ABF050,500107862016,0,1334.0,6.0,0.0,24347.0,6.0,10.0,1.0,5114.0,33.0,0.0,0.0,0.0,24340.0,257.0
2019-12-31,66HLS2OHS,TOSHIBA MQ01ABF050,500107862016,0,1326.0,21.0,0.0,24636.0,21.0,19.0,4.0,2542.0,37.0,0.0,0.0,0.0,24632.0,178.0
2019-12-31,66HLS2OIS,TOSHIBA MQ01ABF050,500107862016,0,1337.0,6.0,0.0,27788.0,6.0,6.0,0.0,8302.0,32.0,0.0,0.0,0.0,27769.0,184.0
2019-12-31,66HLS2OJS,TOSHIBA MQ01ABF050,500107862016,0,1325.0,14.0,0.0,27784.0,14.0,7.0,1.0,8560.0,31.0,0.0,0.0,0.0,27765.0,177.0
2019-12-31,66HLS2OKS,TOSHIBA MQ01ABF050,500107862016,0,1365.0,9.0,0.0,24354.0,9.0,10.0,1.0,5248.0,35.0,0.0,0.0,0.0,24346.0,176.0
2019-12-31,66HLS2OLS,TOSHIBA MQ01ABF050,500107862016,0,1321.0,6.0,0.0,27792.0,6.0,19.0,2.0,8481.0,30.0,0.0,0.0,0.0,27773.0,172.0
2019-12-31,66HLS2OMS,TOSHIBA MQ01ABF050,500107862016,0,1307.0,8.0,0.0,27791.0,8.0,12.0,3.0,8810.0,28.0,0.0,0.0,0.0,27773.0,170.0
2019-12-31,66HLS2ONS,TOSHIBA MQ01ABF050,500107862016,0,1310.0,4.0,0.0,27788.0,4.0,1.0,1.0,8505.0,29.0,0.0,0.0,0.0,27769.0,181.0
2019-12-31,66HLS2OOS,TOSHIBA MQ01ABF050,500107862016,0,1338.0,8.0,0.0,24355.0,8.0,42.0,0.0,4984.0,37.0,0.0,0.0,0.0,24346.0,257.0
2019-12-31,66HLS2OQS,TOSHIBA MQ01ABF050,500107862016,0,1947.0,5.0,0.0,27785.0,5.0,1.0,2.0,8145.0,29.0,0.0,0.0,0.0,27768.0,261.0
2019-12-31,66HLS2ORS,TOSHIBA MQ01ABF050,500107862016,0,1308.0,6.0,0.0,24344.0,6.0,4.0,0.0,4911.0,37.0,0.0,0.0,0.0,24334.0,267.0
2019-12-31,66HLS2OSS,TOSHIBA MQ01ABF050,500107862016,0,1316.0,8.0,0.0,20657.0,8.0,18.0,1.0,3165.0,34.0,0.0,0.0,0.0,20654.0,182.0
2019-12-31,66HLS2OTS,TOSHIBA MQ01ABF050,500107862016,0,1339.0,7.0,0.0,27789.0,7.0,3.0,3.0,8051.0,31.0,0.0,0.0,0.0,27771.0,172.0
2019-12-31,66HLS2OUS,TOSHIBA MQ01ABF050,500107862016,0,1347.0,19.0,0.0,23369.0,19.0,26.0,1.0,2337.0,30.0,0.0,0.0,0.0,23343.0,172.0
2019-12-31,66HLS2OVS,TOSHIBA MQ01ABF050,500107862016,0,1319.0,9.0,0.0,23392.0,9.0,28.0,1.0,5904.0,33.0,0.0,0.0,0.0,23379.0,266.0
2019-12-31,66HLS2OWS,TOSHIBA MQ01ABF050,500107862016,0,1321.0,26.0,0.0,23391.0,26.0,34.0,13.0,5560.0,36.0,0.0,0.0,0.0,23374.0,172.0
2019-12-31,66HLS2OXS,TOSHIBA MQ01ABF050,500107862016,0,1324.0,6.0,0.0,23414.0,6.0,26.0,2.0,6951.0,33.0,0.0,0.0,0.0,23382.0,269.0
2019-12-31,66HLS2OYS,TOSHIBA MQ01ABF050,500107862016,0,1322.0,10.0,0.0,23388.0,10.0,31.0,3.0,5894.0,32.0,0.0,0.0,0.0,23376.0,254.0
2019-12-31,66HLS2OZS,TOSHIBA MQ01ABF050,500107862016,0,1318.0,8.0,0.0,24356.0,8.0,12.0,2.0,5397.0,33.0,0.0,0.0,0.0,24347.0,266.0
2019-12-31,66HLS2P0S,TOSHIBA MQ01ABF050,500107862016,0,1304.0,8.0,0.0,23416.0,8.0,17.0,1.0,7929.0,30.0,0.0,0.0,0.0,23390.0,177.0
2019-12-31,66HLS2P1S,TOSHIBA MQ01ABF050,500107862016,0,1328.0,6.0,0.0,27789.0,6.0,3.0,0.0,8597.0,33.0,0.0,0.0,0.0,27771.0,195.0
2019-05-07,66HLS2P2S,TOSHIBA MQ01ABF050,500107862016,1,1317.0,14.0,0.0,14944.0,14.0,5.0,2.0,3098.0,30.0,0.0,8.0,0.0,14938.0,176.0
2019-12-31,66HLS2P3S,TOSHIBA MQ01ABF050,500107862016,0,1341.0,14.0,0.0,20973.0,14.0,17.0,0.0,6190.0,45.0,0.0,0.0,0.0,20956.0,176.0
2019-12-31,66HLS2P4S,TOSHIBA MQ01ABF050,500107862016,0,1325.0,5.0,0.0,27790.0,5.0,19.0,0.0,8731.0,30.0,0.0,0.0,0.0,27771.0,175.0
2019-12-31,66HLS2P5S,TOSHIBA MQ01ABF050,500107862016,0,1340.0,7.0,0.0,24352.0,7.0,16.0,0.0,5266.0,39.0,0.0,0.0,0.0,24343.0,261.0
2019-12-31,66HLS2P6S,TOSHIBA MQ01ABF050,500107862016,0,1331.0,7.0,0.0,25732.0,7.0,15.0,0.0,210.0,34.0,0.0,0.0,0.0,25736.0,166.0
2019-12-31,66HLS2P7S,TOSHIBA MQ01ABF050,500107862016,0,1322.0,12.0,0.0,25730.0,12.0,6.0,2.0,272.0,34.0,0.0,0.0,0.0,25733.0,170.0
2019-11-16,66HLS2P8S,TOSHIBA MQ01ABF050,500107862016,1,1342.0,8.0,0.0,22376.0,8.0,30.0,1.0,11578.0,37.0,0.0,0.0,0.0,22333.0,249.0
2019-12-31,66HLS2PAS,TOSHIBA MQ01ABF050,500107862016,0,1334.0,6.0,0.0,25811.0,6.0,6.0,0.0,229.0,34.0,0.0,0.0,0.0,25816.0,274.0
2019-12-31,66HLS2PBS,TOSHIBA MQ01ABF050,500107862016,0,1313.0,11.0,0.0,20373.0,11.0,16.0,4.0,1000.0,33.0,0.0,0.0,0.0,20375.0,264.0
2019-12-31,66HLS2PCS,TOSHIBA MQ01ABF050,500107862016,0,1337.0,11.0,0.0,23391.0,11.0,15.0,2.0,5558.0,33.0,0.0,0.0,0.0,23373.0,263.0
2019-12-31,66HLS2PDS,TOSHIBA MQ01ABF050,500107862016,0,1320.0,9.0,0.0,25805.0,9.0,13.0,2.0,249.0,33.0,0.0,0.0,0.0,25810.0,256.0
2019-12-31,66HLS2PES,TOSHIBA MQ01ABF050,500107862016,0,1324.0,17.0,0.0,15098.0,17.0,20.0,1.0,86.0,27.0,0.0,0.0,0.0,15098.0,172.0
2019-12-31,66HLS2PFS,TOSHIBA MQ01ABF050,500107862016,0,1320.0,7.0,0.0,20650.0,7.0,32.0,0.0,3269.0,34.0,0.0,0.0,0.0,20646.0,176.0
2019-12-31,66HLS2PGS,TOSHIBA MQ01ABF050,500107862016,0,1294.0,11.0,0.0,23424.0,11.0,26.0,2.0,7932.0,33.0,0.0,0.0,0.0,23398.0,262.0
2019-12-31,66HLS2PHS,TOSHIBA MQ01ABF050,500107862016,0,1303.0,28.0,0.0,16698.0,28.0,13.0,4.0,9043.0,26.0,0.0,0.0,0.0,16681.0,253.0
2019-12-31,66HLS2PIS,TOSHIBA MQ01ABF050,500107862016,0,1320.0,7.0,0.0,24639.0,7.0,29.0,0.0,2294.0,36.0,0.0,0.0,0.0,24633.0,253.0
2019-12-31,66HLS2PKS,TOSHIBA MQ01ABF050,500107862016,0,1328.0,12.0,0.0,25806.0,12.0,13.0,3.0,1594.0,29.0,0.0,0.0,0.0,25806.0,180.0
2019-12-31,66HLS2PLS,TOSHIBA MQ01ABF050,500107862016,0,1309.0,20.0,0.0,24357.0,20.0,13.0,1.0,4750.0,30.0,0.0,0.0,0.0,24346.0,266.0
2019-12-31,87DFWOFJT,TOSHIBA MQ01ABF050,500107862016,0,1954.0,4.0,0.0,18633.0,4.0,13.0,0.0,838.0,25.0,0.0,0.0,0.0,18636.0,269.0
2019-12-31,87DFWOFKT,TOSHIBA MQ01ABF050,500107862016,0,1967.0,15.0,0.0,17257.0,15.0,13.0,2.0,288.0,31.0,0.0,0.0,0.0,17260.0,175.0
2019-12-31,87DFWOFLT,TOSHIBA MQ01ABF050,500107862016,0,1996.0,19.0,0.0,18868.0,19.0,11.0,8.0,9229.0,29.0,0.0,0.0,0.0,18834.0,176.0
2019-12-31,87DFWOFMT,TOSHIBA MQ01ABF050,500107862016,0,1952.0,24.0,0.0,17418.0,24.0,5.0,5.0,1682.0,30.0,0.0,0.0,0.0,17417.0,169.0
2019-12-31,87DFWOFNT,TOSHIBA MQ01ABF050,500107862016,0,1971.0,4.0,0.0,17268.0,4.0,14.0,0.0,247.0,26.0,0.0,0.0,0.0,17271.0,247.0
2019-12-31,87DFWOFOT,TOSHIBA MQ01ABF050,500107862016,0,1959.0,24.0,0.0,17429.0,24.0,14.0,3.0,3558.0,30.0,0.0,0.0,0.0,17423.0,184.0
2019-12-31,87DFWOFPT,TOSHIBA MQ01ABF050,500107862016,0,1953.0,20.0,0.0,17415.0,20.0,4.0,4.0,1520.0,30.0,0.0,0.0,0.0,17414.0,178.0
2019-12-31,87DFWOFQT,TOSHIBA MQ01ABF050,500107862016,0,1986.0,12.0,0.0,19059.0,12.0,26.0,1.0,1665.0,29.0,0.0,0.0,0.0,19057.0,183.0
2019-08-21,87DFWOFRT,TOSHIBA MQ01ABF050,500107862016,1,1970.0,13.0,0.0,14097.0,13.0,6.0,5.0,271.0,25.0,0.0,24.0,0.0,14100.0,181.0
2019-12-31,87DFWOFST,TOSHIBA MQ01ABF050,500107862016,0,1983.0,15.0,0.0,17270.0,15.0,9.0,1.0,179.0,27.0,0.0,0.0,0.0,17274.0,184.0
2019-12-31,87DFWOFUT,TOSHIBA MQ01ABF050,500107862016,0,2038.0,8.0,0.0,17269.0,8.0,19.0,2.0,198.0,28.0,0.0,0.0,0.0,17271.0,194.0
2019-12-31,87DFWOFVT,TOSHIBA MQ01ABF050,500107862016,0,2016.0,13.0,0.0,18879.0,13.0,6.0,1.0,9020.0,27.0,0.0,0.0,0.0,18842.0,169.0
2019-12-31,87DFWOFWT,TOSHIBA MQ01ABF050,500107862016,0,2057.0,12.0,0.0,18891.0,12.0,12.0,0.0,9497.0,27.0,0.0,0.0,0.0,18858.0,185.0
2019-12-31,87DFWOFXT,TOSHIBA MQ01ABF050,500107862016,0,2001.0,8.0,0.0,18872.0,8.0,16.0,0.0,7752.0,27.0,0.0,0.0,0.0,18830.0,277.0
2019-06-13,87DFWOFYT,TOSHIBA MQ01ABF050,500107862016,1,1983.0,7.0,584.0,14233.0,7.0,21.0,2.0,1747.0,27.0,58.0,184.0,0.0,14230.0,178.0
2019-11-07,87DFWOFZT,TOSHIBA MQ01ABF050,500107862016,1,2015.0,13.0,0.0,17758.0,13.0,9.0,6.0,1720.0,30.0,0.0,16.0,0.0,17755.0,173.0
2019-12-31,87DFWOG1T,TOSHIBA MQ01ABF050,500107862016,0,2062.0,12.0,0.0,19052.0,12.0,40.0,5.0,1447.0,28.0,0.0,0.0,0.0,19051.0,181.0
2019-12-31,87DFWOG2T,TOSHIBA MQ01ABF050,500107862016,0,2056.0,22.0,0.0,18872.0,22.0,21.0,4.0,9020.0,29.0,0.0,96.0,0.0,18838.0,185.0
2019-01-10,87DFWOG3T,TOSHIBA MQ01ABF050,500107862016,1,2070.0,4.0,0.0,10371.0,4.0,4.0,0.0,9307.0,30.0,0.0,40.0,0.0,10336.0,199.0
2019-12-31,87DFWOG5T,TOSHIBA MQ01ABF050,500107862016,0,2063.0,9.0,0.0,16369.0,9.0,2.0,1.0,1716.0,29.0,0.0,0.0,0.0,16372.0,257.0
2019-12-31,87DFWOG6T,TOSHIBA MQ01ABF050,500107862016,0,2000.0,18.0,0.0,19054.0,18.0,31.0,3.0,1799.0,30.0,0.0,0.0,0.0,19052.0,183.0
2019-12-31,87DFWOG7T,TOSHIBA MQ01ABF050,500107862016,0,2035.0,9.0,0.0,19052.0,9.0,3.0,1.0,1860.0,30.0,0.0,0.0,0.0,19049.0,173.0
2019-12-31,87DFWOG8T,TOSHIBA MQ01ABF050,500107862016,0,2066.0,5.0,0.0,17275.0,5.0,21.0,1.0,276.0,25.0,0.0,0.0,0.0,17278.0,257.0
2019-12-31,87DFWOG9T,TOSHIBA MQ01ABF050,500107862016,0,2016.0,8.0,0.0,17278.0,8.0,14.0,0.0,88.0,27.0,0.0,0.0,0.0,17281.0,170.0
2019-12-31,87DFWOGAT,TOSHIBA MQ01ABF050,500107862016,0,2080.0,10.0,0.0,17270.0,10.0,36.0,0.0,314.0,24.0,0.0,0.0,0.0,17272.0,180.0
2019-12-31,87DFWOGCT,TOSHIBA MQ01ABF050,500107862016,0,2033.0,16.0,0.0,17094.0,16.0,4.0,2.0,9438.0,37.0,0.0,0.0,0.0,17059.0,195.0
2019-09-18,87DFWOGDT,TOSHIBA MQ01ABF050,500107862016,1,2006.0,5.0,0.0,16557.0,5.0,8.0,0.0,1836.0,27.0,0.0,8.0,0.0,16555.0,250.0
2019-12-31,87DFWOGET,TOSHIBA MQ01ABF050,500107862016,0,2078.0,5.0,0.0,19049.0,5.0,10.0,0.0,1744.0,25.0,0.0,0.0,0.0,19047.0,182.0
2019-12-31,87DFWOGFT,TOSHIBA MQ01ABF050,500107862016,0,2057.0,17.0,0.0,19060.0,17.0,64.0,11.0,1859.0,29.0,0.0,0.0,0.0,19059.0,176.0
2019-12-31,87DFWOGGT,TOSHIBA MQ01ABF050,500107862016,0,1941.0,13.0,0.0,18471.0,13.0,3.0,3.0,61.0,28.0,0.0,0.0,0.0,18475.0,192.0
2019-12-31,87DFWOGIT,TOSHIBA MQ01ABF050,500107862016,0,1947.0,8.0,0.0,19054.0,8.0,17.0,0.0,1792.0,29.0,0.0,0.0,0.0,19053.0,183.0
2019-12-31,87DFWOGJT,TOSHIBA MQ01ABF050,500107862016,0,2056.0,20.0,0.0,19039.0,20.0,100.0,5.0,1763.0,32.0,0.0,0.0,0.0,19037.0,177.0
2019-12-31,87DFWOGKT,TOSHIBA MQ01ABF050,500107862016,0,1979.0,10.0,0.0,18882.0,10.0,12.0,4.0,8370.0,25.0,0.0,0.0,0.0,18843.0,171.0
2019-12-31,87DFWOGLT,TOSHIBA MQ01ABF050,500107862016,0,2054.0,19.0,0.0,18886.0,19.0,9.0,2.0,8482.0,27.0,0.0,0.0,0.0,18846.0,180.0
2019-12-31,87DFWOGMT,TOSHIBA MQ01ABF050,500107862016,0,2005.0,6.0,0.0,18358.0,6.0,5.0,0.0,19.0,36.0,0.0,0.0,0.0,18362.0,193.0
2019-12-31,87DFWOGNT,TOSHIBA MQ01ABF050,500107862016,0,2052.0,13.0,0.0,19047.0,13.0,36.0,2.0,1808.0,27.0,0.0,0.0,0.0,19045.0,181.0
2019-12-31,87DFWOGOT,TOSHIBA MQ01ABF050,500107862016,0,1924.0,9.0,0.0,19045.0,9.0,13.0,0.0,1708.0,27.0,0.0,0.0,0.0,19045.0,173.0
2019-12-31,87DFWOGPT,TOSHIBA MQ01ABF050,500107862016,0,1974.0,11.0,0.0,19049.0,11.0,19.0,2.0,1757.0,27.0,0.0,0.0,0.0,19048.0,175.0
2019-12-31,87DFWOGQT,TOSHIBA MQ01ABF050,500107862016,0,1967.0,12.0,0.0,19041.0,12.0,8.0,0.0,1694.0,25.0,0.0,0.0,0.0,19038.0,190.0
2019-12-31,87DFWOGRT,TOSHIBA MQ01ABF050,500107862016,0,1965.0,10.0,0.0,17279.0,10.0,21.0,2.0,278.0,26.0,0.0,0.0,0.0,17281.0,181.0
2019-12-31,87DFWOGST,TOSHIBA MQ01ABF050,500107862016,0,2035.0,8.0,0.0,18760.0,8.0,15.0,1.0,229.0,25.0,0.0,0.0,0.0,18764.0,280.0
2019-12-31,87DFWOGTT,TOSHIBA MQ01ABF050,500107862016,0,1943.0,19.0,0.0,18880.0,19.0,5.0,3.0,9286.0,27.0,0.0,0.0,0.0,18845.0,181.0
2019-12-31,87DFWOGUT,TOSHIBA MQ01ABF050,500107862016,0,1994.0,19.0,0.0,19049.0,19.0,11.0,1.0,1673.0,27.0,0.0,0.0,0.0,19047.0,167.0
2019-05-14,87DFWOGVT,TOSHIBA MQ01ABF050,500107862016,1,2052.0,4.0,0.0,13506.0,4.0,9.0,0.0,1714.0,28.0,0.0,0.0,0.0,13503.0,187.0
2019-12-31,87DFWOGWT,TOSHIBA MQ01ABF050,500107862016,0,2028.0,5.0,0.0,19044.0,5.0,15.0,0.0,1723.0,30.0,0.0,0.0,0.0,19043.0,190.0
2019-12-31,96BDP79NT,TOSHIBA MQ01ABF050,500107862016,0,1361.0,11.0,0.0,25467.0,11.0,0.0,2.0,1355.0,25.0,0.0,0.0,0.0,25466.0,262.0
2019-12-31,96BDP79QT,TOSHIBA MQ01ABF050,500107862016,0,1380.0,10.0,0.0,25119.0,10.0,3.0,0.0,1176.0,30.0,0.0,0.0,0.0,25123.0,259.0
2019-12-31,96BDP79RT,TOSHIBA MQ01ABF050,500107862016,0,1392.0,9.0,0.0,25083.0,9.0,3.0,2.0,1600.0,29.0,0.0,16.0,0.0,25083.0,258.0
2019-12-31,96BDP79ST,TOSHIBA MQ01ABF050,500107862016,0,1382.0,8.0,0.0,25506.0,8.0,4.0,0.0,1503.0,26.0,0.0,0.0,0.0,25510.0,258.0
2019-12-31,96HCTBH6T,TOSHIBA MQ01ABF050,500107862016,0,1358.0,11.0,0.0,17455.0,11.0,1.0,2.0,1213.0,30.0,0.0,0.0,0.0,17455.0,260.0
2019-07-25,96HCTBH7T,TOSHIBA MQ01ABF050,500107862016,1,1377.0,5.0,0.0,21304.0,5.0,0.0,0.0,930.0,34.0,0.0,0.0,0.0,21308.0,259.0
2019-12-31,96HCTBH8T,TOSHIBA MQ01ABF050,500107862016,0,1365.0,7.0,0.0,25510.0,7.0,1.0,1.0,1645.0,24.0,0.0,0.0,0.0,25515.0,267.0
2019-12-31,96HCTBHAT,TOSHIBA MQ01ABF050,500107862016,0,1330.0,10.0,0.0,25091.0,10.0,0.0,1.0,1397.0,27.0,0.0,0.0,0.0,25093.0,247.0
2019-12-31,96HCTBHBT,TOSHIBA MQ01ABF050,500107862016,0,1360.0,9.0,0.0,25124.0,9.0,0.0,0.0,902.0,28.0,0.0,0.0,0.0,25128.0,258.0
2019-12-31,96HCTBHGT,TOSHIBA MQ01ABF050,500107862016,0,1358.0,7.0,0.0,25120.0,7.0,4.0,2.0,967.0,30.0,0.0,0.0,0.0,25125.0,257.0
2019-12-31,96HCTBHHT,TOSHIBA MQ01ABF050,500107862016,0,1374.0,11.0,0.0,20604.0,11.0,17.0,1.0,1465.0,35.0,0.0,0.0,0.0,20605.0,255.0
2019-12-31,96HCTBHIT,TOSHIBA MQ01ABF050,500107862016,0,1379.0,7.0,0.0,25502.0,7.0,3.0,0.0,1546.0,27.0,0.0,0.0,0.0,25508.0,253.0
2019-12-31,96HCTBHJT,TOSHIBA MQ01ABF050,500107862016,0,1402.0,6.0,0.0,25118.0,6.0,0.0,0.0,1040.0,28.0,0.0,0.0,0.0,25122.0,259.0
2019-12-31,96HCTBHKT,TOSHIBA MQ01ABF050,500107862016,0,1379.0,16.0,0.0,20242.0,16.0,0.0,2.0,1726.0,30.0,0.0,0.0,0.0,20240.0,262.0
2019-12-31,96HCTBHLT,TOSHIBA MQ01ABF050,500107862016,0,1370.0,11.0,0.0,17760.0,11.0,0.0,0.0,1575.0,36.0,0.0,0.0,0.0,17761.0,174.0
2019-12-31,96HCTBHMT,TOSHIBA MQ01ABF050,500107862016,0,1379.0,11.0,0.0,25509.0,11.0,0.0,4.0,1593.0,32.0,0.0,0.0,0.0,25513.0,271.0
2019-12-31,96HCTBHNT,TOSHIBA MQ01ABF050,500107862016,0,1382.0,8.0,0.0,25127.0,8.0,2.0,1.0,1114.0,30.0,0.0,0.0,0.0,25132.0,246.0
2019-12-31,96HCTBHOT,TOSHIBA MQ01ABF050,500107862016,0,1361.0,7.0,0.0,25504.0,7.0,0.0,2.0,1549.0,32.0,0.0,0.0,0.0,25510.0,260.0
2019-12-31,96HCTBHPT,TOSHIBA MQ01ABF050,500107862016,0,1348.0,8.0,0.0,24886.0,8.0,384.0,1.0,1213.0,33.0,0.0,0.0,0.0,24889.0,270.0
2019-12-31,96HCTBHQT,TOSHIBA MQ01ABF050,500107862016,0,1376.0,16.0,0.0,25511.0,16.0,2.0,9.0,1611.0,28.0,0.0,0.0,0.0,25515.0,265.0
2019-08-19,96HCTBHRT,TOSHIBA MQ01ABF050,500107862016,1,1388.0,11.0,0.0,22394.0,11.0,11.0,0.0,1810.0,31.0,0.0,80.0,0.0,22397.0,269.0
2019-12-31,96HCTBHST,TOSHIBA MQ01ABF050,500107862016,0,1319.0,11.0,0.0,25127.0,11.0,0.0,2.0,1064.0,34.0,0.0,0.0,0.0,25133.0,262.0
2019-12-31,96HCTBHTT,TOSHIBA MQ01ABF050,500107862016,0,1387.0,18.0,0.0,20083.0,18.0,2.0,2.0,1681.0,38.0,0.0,0.0,0.0,20085.0,268.0
2019-12-31,96HCTBHUT,TOSHIBA MQ01ABF050,500107862016,0,1365.0,8.0,0.0,25615.0,8.0,2.0,1.0,2081.0,36.0,0.0,0.0,0.0,25619.0,254.0
2019-12-31,96HCTBHVT,TOSHIBA MQ01ABF050,500107862016,0,1390.0,10.0,0.0,25633.0,10.0,1.0,1.0,3319.0,33.0,0.0,0.0,0.0,25635.0,265.0
2019-02-19,96HCTBHWT,TOSHIBA MQ01ABF050,500107862016,1,1362.0,6.0,0.0,17562.0,6.0,1.0,0.0,908.0,35.0,0.0,8.0,0.0,17566.0,263.0
2019-11-12,96HCTBHXT,TOSHIBA MQ01ABF050,500107862016,1,1342.0,6.0,0.0,24410.0,6.0,3.0,0.0,1596.0,28.0,0.0,216.0,0.0,24416.0,265.0
2019-12-31,96HCTBHZT,TOSHIBA MQ01ABF050,500107862016,0,1374.0,10.0,0.0,25578.0,10.0,0.0,4.0,1327.0,33.0,0.0,0.0,0.0,25584.0,250.0
2019-12-31,96HCTBI0T,TOSHIBA MQ01ABF050,500107862016,0,1354.0,10.0,0.0,25074.0,10.0,0.0,0.0,1563.0,28.0,0.0,0.0,0.0,25077.0,267.0
2019-12-30,96HCTBI1T,TOSHIBA MQ01ABF050,500107862016,1,1372.0,7.0,0.0,25072.0,7.0,0.0,0.0,1291.0,31.0,0.0,0.0,0.0,25076.0,180.0
2019-12-31,96HCTBI2T,TOSHIBA MQ01ABF050,500107862016,0,1389.0,7.0,0.0,25128.0,7.0,30.0,1.0,894.0,33.0,0.0,0.0,0.0,25134.0,266.0
2019-08-27,96HCTBI3T,TOSHIBA MQ01ABF050,500107862016,1,1338.0,7.0,0.0,22100.0,7.0,0.0,0.0,808.0,38.0,0.0,0.0,0.0,22105.0,266.0
2019-12-31,96HCTBI4T,TOSHIBA MQ01ABF050,500107862016,0,1416.0,7.0,0.0,25124.0,7.0,2.0,0.0,843.0,33.0,0.0,0.0,0.0,25129.0,181.0
2019-12-31,96HCTBI5T,TOSHIBA MQ01ABF050,500107862016,0,1355.0,12.0,0.0,25076.0,12.0,0.0,2.0,1495.0,26.0,0.0,0.0,0.0,25078.0,259.0
2019-02-14,96HCTBI6T,TOSHIBA MQ01ABF050,500107862016,1,1357.0,4.0,0.0,17827.0,4.0,2.0,0.0,1251.0,33.0,0.0,0.0,0.0,17829.0,275.0
2019-03-19,96HCTBI7T,TOSHIBA MQ01ABF050,500107862016,1,1386.0,6.0,0.0,18243.0,6.0,4.0,0.0,819.0,32.0,0.0,24.0,0.0,18245.0,258.0
2019-08-07,96HCTBI9T,TOSHIBA MQ01ABF050,500107862016,1,1427.0,7.0,0.0,22005.0,7.0,1.0,0.0,1278.0,32.0,0.0,8.0,0.0,21998.0,254.0
2019-12-31,96HCTBIAT,TOSHIBA MQ01ABF050,500107862016,0,1403.0,8.0,0.0,25540.0,8.0,2.0,2.0,3812.0,34.0,0.0,0.0,0.0,25540.0,274.0
2019-09-30,96HCTBIBT,TOSHIBA MQ01ABF050,500107862016,0,1386.0,11.0,0.0,23440.0,11.0,0.0,1.0,4561.0,27.0,0.0,112.0,0.0,23440.0,258.0
2019-12-30,96HCTBIDT,TOSHIBA MQ01ABF050,500107862016,1,1383.0,7.0,0.0,25094.0,7.0,1.0,0.0,1479.0,27.0,0.0,56.0,0.0,25099.0,257.0
2019-12-31,96HCTBIET,TOSHIBA MQ01ABF050,500107862016,0,1340.0,11.0,0.0,25475.0,11.0,1.0,1.0,1605.0,33.0,0.0,0.0,0.0,25478.0,274.0
2019-12-31,96HCTBIFT,TOSHIBA MQ01ABF050,500107862016,0,1363.0,7.0,0.0,25124.0,7.0,2.0,0.0,2866.0,36.0,0.0,0.0,0.0,25101.0,268.0
2019-12-31,96HCTBIGT,TOSHIBA MQ01ABF050,500107862016,0,1323.0,9.0,0.0,25135.0,9.0,0.0,2.0,712.0,32.0,0.0,0.0,0.0,25138.0,263.0
2019-12-31,96HCTBIHT,TOSHIBA MQ01ABF050,500107862016,0,1397.0,7.0,0.0,25526.0,7.0,2.0,0.0,2985.0,33.0,0.0,0.0,0.0,25528.0,246.0
2019-12-31,96HCTBIIT,TOSHIBA MQ01ABF050,500107862016,0,1374.0,11.0,0.0,25131.0,11.0,2.0,1.0,1278.0,34.0,0.0,0.0,0.0,25111.0,254.0
2019-12-20,96HCTBIJT,TOSHIBA MQ01ABF050,500107862016,1,1377.0,5.0,0.0,25244.0,5.0,1.0,0.0,1416.0,31.0,0.0,56.0,0.0,25250.0,258.0
2019-12-30,96ICTBPGT,TOSHIBA MQ01ABF050,500107862016,1,1361.0,10.0,0.0,25820.0,10.0,0.0,0.0,12168.0,25.0,0.0,0.0,3.0,25807.0,277.0
2019-12-31,96ICTBPLT,TOSHIBA MQ01ABF050,500107862016,0,1367.0,6.0,0.0,25508.0,6.0,0.0,0.0,1454.0,32.0,0.0,0.0,0.0,25513.0,268.0
2019-07-23,96ICTBPMT,TOSHIBA MQ01ABF050,500107862016,1,1360.0,3.0,0.0,21258.0,3.0,0.0,0.0,869.0,33.0,0.0,0.0,0.0,21263.0,262.0
2019-12-31,96ICTBPOT,TOSHIBA MQ01ABF050,500107862016,0,1344.0,11.0,0.0,25155.0,11.0,14.0,1.0,1366.0,35.0,0.0,0.0,0.0,25158.0,269.0
2019-12-31,96ICTBPPT,TOSHIBA MQ01ABF050,500107862016,0,1348.0,9.0,0.0,25076.0,9.0,1.0,1.0,4342.0,37.0,0.0,0.0,0.0,25051.0,280.0
2019-01-14,96ICTBPQT,TOSHIBA MQ01ABF050,500107862016,1,1366.0,7.0,0.0,17078.0,7.0,2.0,0.0,1529.0,36.0,0.0,0.0,0.0,17081.0,252.0
2019-12-31,96ICTBPRT,TOSHIBA MQ01ABF050,500107862016,0,1389.0,6.0,0.0,25536.0,6.0,1.0,1.0,3513.0,32.0,0.0,0.0,0.0,25540.0,258.0
2019-12-31,96ICTBPST,TOSHIBA MQ01ABF050,500107862016,0,1325.0,5.0,0.0,25124.0,5.0,0.0,0.0,1040.0,33.0,0.0,0.0,0.0,25131.0,258.0
2019-02-06,96ICTBPTT,TOSHIBA MQ01ABF050,500107862016,1,1346.0,3.0,0.0,17261.0,3.0,1.0,0.0,1093.0,33.0,0.0,0.0,0.0,17265.0,263.0
2019-12-30,96ICTBPUT,TOSHIBA MQ01ABF050,500107862016,1,1379.0,12.0,0.0,25096.0,12.0,1.0,2.0,1518.0,30.0,0.0,72.0,0.0,25099.0,177.0
2019-12-31,96ICTBPWT,TOSHIBA MQ01ABF050,500107862016,0,1356.0,10.0,0.0,25126.0,10.0,1.0,0.0,1492.0,24.0,0.0,0.0,0.0,25130.0,177.0
2019-12-31,96ICTBPXT,TOSHIBA MQ01ABF050,500107862016,0,1378.0,6.0,0.0,25508.0,6.0,2.0,0.0,1524.0,33.0,0.0,0.0,0.0,25507.0,259.0
2019-12-31,96ICTBPYT,TOSHIBA MQ01ABF050,500107862016,0,1428.0,7.0,0.0,25744.0,7.0,1.0,1.0,12666.0,35.0,0.0,0.0,0.0,25732.0,264.0
2019-11-26,96ICTBPZT,TOSHIBA MQ01ABF050,500107862016,1,1369.0,7.0,0.0,24773.0,7.0,78.0,0.0,1368.0,24.0,0.0,176.0,0.0,24778.0,179.0
2019-12-30,96ICTBQ0T,TOSHIBA MQ01ABF050,500107862016,1,1345.0,68.0,0.0,25725.0,68.0,2.0,60.0,11642.0,28.0,0.0,0.0,0.0,25711.0,269.0
2019-12-31,96ICTBQ1T,TOSHIBA MQ01ABF050,500107862016,0,1373.0,7.0,0.0,25623.0,7.0,0.0,0.0,4010.0,25.0,0.0,0.0,0.0,25624.0,167.0
2019-08-02,96ICTBQ2T,TOSHIBA MQ01ABF050,500107862016,1,1366.0,8.0,0.0,21984.0,8.0,11.0,0.0,2066.0,30.0,0.0,8.0,0.0,21987.0,184.0
2019-04-23,96ICTBQ3T,TOSHIBA MQ01ABF050,500107862016,1,1358.0,10.0,0.0,19569.0,10.0,2.0,1.0,1693.0,27.0,0.0,32.0,0.0,19573.0,269.0
2019-07-31,96ICTBQ4T,TOSHIBA MQ01ABF050,500107862016,1,1390.0,6.0,0.0,21336.0,6.0,0.0,0.0,1651.0,29.0,0.0,48.0,0.0,21340.0,261.0
2019-12-31,96ICTBQ5T,TOSHIBA MQ01ABF050,500107862016,0,1382.0,6.0,0.0,25496.0,6.0,1.0,0.0,1754.0,28.0,0.0,0.0,0.0,25500.0,273.0
2019-12-31,96ICTBQ6T,TOSHIBA MQ01ABF050,500107862016,0,1390.0,10.0,0.0,25638.0,10.0,3.0,2.0,11424.0,38.0,0.0,0.0,0.0,25625.0,187.0
2019-12-31,96ICTBQ8T,TOSHIBA MQ01ABF050,500107862016,0,1398.0,9.0,0.0,25817.0,9.0,65.0,2.0,27861.0,36.0,0.0,0.0,0.0,25769.0,251.0
2019-12-31,96ICTBQ9T,TOSHIBA MQ01ABF050,500107862016,0,1323.0,20.0,0.0,24121.0,20.0,7.0,2.0,18489.0,43.0,0.0,0.0,0.0,24085.0,184.0
2019-12-31,96ICTBQAT,TOSHIBA MQ01ABF050,500107862016,0,1343.0,8.0,0.0,25533.0,8.0,2.0,0.0,1643.0,33.0,0.0,0.0,0.0,25539.0,259.0
2019-12-31,96ICTBQCT,TOSHIBA MQ01ABF050,500107862016,0,1396.0,9.0,0.0,25535.0,9.0,12.0,0.0,1870.0,31.0,0.0,0.0,0.0,25538.0,193.0
2019-12-31,96ICTBQDT,TOSHIBA MQ01ABF050,500107862016,0,1357.0,21.0,0.0,25511.0,21.0,0.0,1.0,1415.0,30.0,0.0,0.0,0.0,25515.0,267.0
2019-04-05,96ICTBQET,TOSHIBA MQ01ABF050,500107862016,1,1360.0,6.0,0.0,19136.0,6.0,0.0,0.0,11635.0,33.0,0.0,200.0,0.0,19123.0,260.0
2019-12-31,96ICTBQFT,TOSHIBA MQ01ABF050,500107862016,0,1353.0,11.0,0.0,25546.0,11.0,0.0,1.0,11753.0,26.0,0.0,0.0,0.0,25533.0,255.0
2019-12-18,96ICTBQGT,TOSHIBA MQ01ABF050,500107862016,1,1348.0,8.0,0.0,25231.0,8.0,1.0,1.0,11903.0,26.0,0.0,760.0,0.0,25217.0,258.0
2019-12-31,96ICTBQHT,TOSHIBA MQ01ABF050,500107862016,0,1371.0,6.0,0.0,25634.0,6.0,3.0,0.0,11718.0,36.0,0.0,0.0,0.0,25622.0,265.0
2019-12-31,96ICTBQJT,TOSHIBA MQ01ABF050,500107862016,0,1382.0,8.0,0.0,25776.0,8.0,0.0,0.0,11803.0,35.0,0.0,0.0,0.0,25762.0,258.0
2019-12-31,96ICTBQLT,TOSHIBA MQ01ABF050,500107862016,0,1369.0,7.0,0.0,25775.0,7.0,54.0,0.0,13101.0,39.0,0.0,0.0,0.0,25763.0,256.0
2019-05-06,96ICTBQOT,TOSHIBA MQ01ABF050,500107862016,1,1338.0,7.0,0.0,19923.0,7.0,1.0,0.0,11332.0,28.0,0.0,16.0,0.0,19910.0,258.0
2019-12-31,96ICTBQPT,TOSHIBA MQ01ABF050,500107862016,0,1376.0,11.0,0.0,25708.0,11.0,0.0,1.0,11482.0,34.0,0.0,0.0,0.0,25697.0,256.0
2019-12-31,96ICTBQQT,TOSHIBA MQ01ABF050,500107862016,0,1323.0,8.0,0.0,25660.0,8.0,2.0,0.0,11646.0,34.0,0.0,0.0,0.0,25649.0,269.0
2019-12-31,96ICTBQRT,TOSHIBA MQ01ABF050,500107862016,0,1408.0,9.0,0.0,25672.0,9.0,0.0,0.0,13487.0,40.0,0.0,0.0,0.0,25640.0,260.0
2019-12-31,96ICTBQST,TOSHIBA MQ01ABF050,500107862016,0,1413.0,13.0,0.0,25725.0,13.0,0.0,0.0,11399.0,36.0,0.0,0.0,0.0,25714.0,178.0
2019-04-09,96ICTBQTT,TOSHIBA MQ01ABF050,500107862016,1,1372.0,7.0,0.0,19155.0,7.0,1.0,0.0,1882.0,29.0,0.0,0.0,0.0,19157.0,261.0
2019-12-31,96ICTBQUT,TOSHIBA MQ01ABF050,500107862016,0,1341.0,9.0,0.0,25455.0,9.0,0.0,0.0,1937.0,31.0,0.0,0.0,0.0,25460.0,265.0
2019-12-31,96ICTBQVT,TOSHIBA MQ01ABF050,500107862016,0,1394.0,11.0,0.0,25536.0,11.0,0.0,1.0,1874.0,35.0,0.0,0.0,0.0,25540.0,265.0
2019-12-31,96ICTBQWT,TOSHIBA MQ01ABF050,500107862016,0,1353.0,37.0,0.0,24988.0,37.0,1.0,20.0,1708.0,36.0,0.0,0.0,0.0,24991.0,267.0
2019-12-31,96ICTBQXT,TOSHIBA MQ01ABF050,500107862016,0,1397.0,9.0,0.0,25503.0,9.0,0.0,1.0,1795.0,32.0,0.0,0.0,0.0,25506.0,269.0
