date,serial_number,model,capacity_bytes,failure,smart_9_normalized,smart_10_normalized,smart_193_normalized,smart_222_normalized
2019-12-31,17OYTGI0T,TOSHIBA MQ01ABF050,500107862016,0,54.0,100.0,100.0,54.0
2019-12-31,17OYTGKBT,TOSHIBA MQ01ABF050,500107862016,0,56.0,100.0,96.0,56.0
2019-09-09,17OYTGKCT,TOSHIBA MQ01ABF050,500107862016,1,62.0,100.0,100.0,62.0
2019-12-31,17OYTGKDT,TOSHIBA MQ01ABF050,500107862016,0,56.0,100.0,96.0,56.0
2019-12-31,17OYTGKET,TOSHIBA MQ01ABF050,500107862016,0,55.0,100.0,100.0,55.0
2019-12-31,17OYTGKFT,TOSHIBA MQ01ABF050,500107862016,0,55.0,100.0,100.0,55.0
2019-12-31,17OYTGKGT,TOSHIBA MQ01ABF050,500107862016,0,55.0,100.0,100.0,55.0
2019-12-31,17OYTGKHT,TOSHIBA MQ01ABF050,500107862016,0,56.0,100.0,96.0,56.0
2019-12-31,17OYTGKIT,TOSHIBA MQ01ABF050,500107862016,0,55.0,100.0,100.0,55.0
2019-12-31,17OYTGKJT,TOSHIBA MQ01ABF050,500107862016,0,56.0,100.0,96.0,56.0
2019-12-31,17OYTGKLT,TOSHIBA MQ01ABF050,500107862016,0,55.0,100.0,100.0,55.0
2019-12-31,17OYTGKNT,TOSHIBA MQ01ABF050,500107862016,0,55.0,100.0,100.0,55.0
2019-12-06,17OYTGKOT,TOSHIBA MQ01ABF050,500107862016,1,57.0,100.0,100.0,57.0
2019-12-31,17OYTGKPT,TOSHIBA MQ01ABF050,500107862016,0,56.0,100.0,96.0,56.0
2019-12-31,17OYTGKQT,TOSHIBA MQ01ABF050,500107862016,0,55.0,100.0,100.0,55.0
2019-12-31,17OYTGKST,TOSHIBA MQ01ABF050,500107862016,0,56.0,100.0,96.0,56.0
2019-12-31,17OYTGKTT,TOSHIBA MQ01ABF050,500107862016,0,55.0,100.0,100.0,55.0
2019-12-31,17OYTGKUT,TOSHIBA MQ01ABF050,500107862016,0,56.0,100.0,96.0,56.0
2019-12-31,17OYTGKVT,TOSHIBA MQ01ABF050,500107862016,0,55.0,100.0,100.0,55.0
2019-12-31,17OYTGKWT,TOSHIBA MQ01ABF050,500107862016,0,56.0,100.0,96.0,56.0
2019-12-31,17OYTGKXT,TOSHIBA MQ01ABF050,500107862016,0,55.0,100.0,100.0,55.0
2019-04-11,17OYTGKYT,TOSHIBA MQ01ABF050,500107862016,1,71.0,100.0,96.0,72.0
2019-12-31,17OYTGKZT,TOSHIBA MQ01ABF050,500107862016,0,57.0,100.0,100.0,57.0
2019-12-31,17OYTGL1T,TOSHIBA MQ01ABF050,500107862016,0,56.0,100.0,96.0,56.0
2019-04-25,17OYTGL2T,TOSHIBA MQ01ABF050,500107862016,1,71.0,100.0,96.0,71.0
2019-11-20,17OYTGL3T,TOSHIBA MQ01ABF050,500107862016,1,58.0,100.0,100.0,58.0
2019-12-31,17OYTGL6T,TOSHIBA MQ01ABF050,500107862016,0,55.0,100.0,100.0,55.0
2019-05-22,17OYTGL7T,TOSHIBA MQ01ABF050,500107862016,1,69.0,100.0,96.0,69.0
2019-07-08,17OYTGL8T,TOSHIBA MQ01ABF050,500107862016,1,66.0,100.0,96.0,67.0
2019-12-31,17OYTGL9T,TOSHIBA MQ01ABF050,500107862016,0,55.0,100.0,100.0,55.0
2019-12-31,17OYTGLAT,TOSHIBA MQ01ABF050,500107862016,0,55.0,100.0,100.0,55.0
2019-12-31,17OYTGLBT,TOSHIBA MQ01ABF050,500107862016,0,56.0,100.0,96.0,56.0
2019-12-31,17OYTGLCT,TOSHIBA MQ01ABF050,500107862016,0,55.0,100.0,100.0,55.0
2019-12-31,17OYTGLET,TOSHIBA MQ01ABF050,500107862016,0,56.0,100.0,99.0,56.0
2019-12-31,17OYTGLFT,TOSHIBA MQ01ABF050,500107862016,0,54.0,100.0,100.0,54.0
2019-09-18,17OYTGLGT,TOSHIBA MQ01ABF050,500107862016,1,62.0,100.0,100.0,62.0
2019-12-31,17OYTGLHT,TOSHIBA MQ01ABF050,500107862016,0,56.0,100.0,96.0,56.0
2019-12-31,17OYTGLIT,TOSHIBA MQ01ABF050,500107862016,0,54.0,100.0,100.0,54.0
2019-12-31,17OYTGLJT,TOSHIBA MQ01ABF050,500107862016,0,54.0,100.0,100.0,54.0
2019-12-31,17OYTGLKT,TOSHIBA MQ01ABF050,500107862016,0,54.0,100.0,100.0,54.0
2019-12-31,17OYTGLLT,TOSHIBA MQ01ABF050,500107862016,0,54.0,100.0,100.0,54.0
2019-12-31,17OYTGLMT,TOSHIBA MQ01ABF050,500107862016,0,54.0,100.0,100.0,54.0
2019-07-15,17OYTGLNT,TOSHIBA MQ01ABF050,500107862016,1,64.0,100.0,100.0,64.0
2019-12-31,17QEC1EXT,TOSHIBA MQ01ABF050,500107862016,0,49.0,100.0,100.0,49.0
2019-12-31,17QEC1EYT,TOSHIBA MQ01ABF050,500107862016,0,49.0,100.0,100.0,49.0
2019-12-31,17QEC1EZT,TOSHIBA MQ01ABF050,500107862016,0,49.0,100.0,100.0,49.0
2019-12-31,17QEC1F0T,TOSHIBA MQ01ABF050,500107862016,0,49.0,100.0,100.0,49.0
2019-12-31,17QEC1F1T,TOSHIBA MQ01ABF050,500107862016,0,49.0,100.0,100.0,49.0
2019-07-29,17QEC1F2T,TOSHIBA MQ01ABF050,500107862016,1,59.0,100.0,100.0,59.0
2019-12-31,17QEC1F5T,TOSHIBA MQ01ABF050,500107862016,0,47.0,100.0,100.0,47.0
2019-12-31,278KCP45T,TOSHIBA MQ01ABF050,500107862016,0,49.0,100.0,100.0,49.0
2019-12-31,278KCP47T,TOSHIBA MQ01ABF050,500107862016,0,49.0,100.0,100.0,49.0
2019-12-31,563ESIWSS,TOSHIBA MQ01ABF050,500107862016,0,26.0,100.0,100.0,26.0
2019-11-01,563ESIX1S,TOSHIBA MQ01ABF050,500107862016,1,42.0,100.0,100.0,42.0
2019-12-31,563ESIXHS,TOSHIBA MQ01ABF050,500107862016,0,33.0,100.0,100.0,33.0
2019-12-31,5641SFQVS,TOSHIBA MQ01ABF050,500107862016,0,25.0,100.0,100.0,25.0
2019-12-31,5641SFQWS,TOSHIBA MQ01ABF050,500107862016,0,26.0,100.0,100.0,26.0
2019-12-31,5641SFQYS,TOSHIBA MQ01ABF050,500107862016,0,33.0,100.0,100.0,33.0
2019-12-31,5641SFR0S,TOSHIBA MQ01ABF050,500107862016,0,26.0,100.0,100.0,26.0
2019-12-31,5641SFR1S,TOSHIBA MQ01ABF050,500107862016,0,31.0,100.0,100.0,31.0
2019-12-31,5641SFR2S,TOSHIBA MQ01ABF050,500107862016,0,26.0,100.0,100.0,26.0
2019-12-31,5641SFR3S,TOSHIBA MQ01ABF050,500107862016,0,26.0,100.0,100.0,26.0
2019-12-31,5641SFR4S,TOSHIBA MQ01ABF050,500107862016,0,26.0,100.0,100.0,26.0
2019-12-31,5641SFR5S,TOSHIBA MQ01ABF050,500107862016,0,23.0,100.0,100.0,23.0
2019-12-31,5641SFR6S,TOSHIBA MQ01ABF050,500107862016,0,25.0,100.0,100.0,25.0
2019-12-31,5641SFR7S,TOSHIBA MQ01ABF050,500107862016,0,25.0,100.0,100.0,25.0
2019-03-16,5641SFR8S,TOSHIBA MQ01ABF050,500107862016,1,40.0,100.0,100.0,40.0
2019-12-31,5641SFR9S,TOSHIBA MQ01ABF050,500107862016,0,23.0,100.0,100.0,23.0
2019-10-02,5641SFRAS,TOSHIBA MQ01ABF050,500107862016,1,31.0,100.0,100.0,31.0
2019-12-31,5641SFRCS,TOSHIBA MQ01ABF050,500107862016,0,23.0,100.0,100.0,23.0
2019-12-31,5641SFRDS,TOSHIBA MQ01ABF050,500107862016,0,23.0,100.0,100.0,23.0
2019-12-31,5641SFRES,TOSHIBA MQ01ABF050,500107862016,0,24.0,100.0,100.0,24.0
2019-12-31,5641SFRFS,TOSHIBA MQ01ABF050,500107862016,0,24.0,100.0,100.0,24.0
2019-12-31,5641SFRGS,TOSHIBA MQ01ABF050,500107862016,0,23.0,100.0,100.0,23.0
2019-10-05,5641SFRHS,TOSHIBA MQ01ABF050,500107862016,1,29.0,100.0,100.0,29.0
2019-12-31,5641SFRIS,TOSHIBA MQ01ABF050,500107862016,0,24.0,100.0,100.0,24.0
2019-12-31,5641SFRJS,TOSHIBA MQ01ABF050,500107862016,0,27.0,100.0,100.0,27.0
2019-12-31,5641SFRLS,TOSHIBA MQ01ABF050,500107862016,0,24.0,100.0,100.0,24.0
2019-12-31,5641SFRMS,TOSHIBA MQ01ABF050,500107862016,0,27.0,100.0,100.0,27.0
2019-12-31,5641SFRNS,TOSHIBA MQ01ABF050,500107862016,0,26.0,100.0,100.0,26.0
2019-12-31,5641SFROS,TOSHIBA MQ01ABF050,500107862016,0,27.0,100.0,100.0,27.0
2019-12-31,5641SFRPS,TOSHIBA MQ01ABF050,500107862016,0,27.0,100.0,100.0,27.0
2019-12-31,5641SFRQS,TOSHIBA MQ01ABF050,500107862016,0,23.0,100.0,100.0,23.0
2019-12-31,5641SFRRS,TOSHIBA MQ01ABF050,500107862016,0,28.0,100.0,100.0,28.0
2019-12-31,5641SFRSS,TOSHIBA MQ01ABF050,500107862016,0,23.0,100.0,100.0,23.0
2019-12-31,5641SFRTS,TOSHIBA MQ01ABF050,500107862016,0,23.0,100.0,100.0,23.0
2019-12-31,5641SFRUS,TOSHIBA MQ01ABF050,500107862016,0,27.0,100.0,100.0,27.0
2019-12-31,5641SFRVS,TOSHIBA MQ01ABF050,500107862016,0,27.0,100.0,100.0,27.0
2019-12-31,5641SFRWS,TOSHIBA MQ01ABF050,500107862016,0,23.0,100.0,100.0,23.0
2019-12-31,5641SFRXS,TOSHIBA MQ01ABF050,500107862016,0,23.0,100.0,100.0,23.0
2019-12-31,5641SFRYS,TOSHIBA MQ01ABF050,500107862016,0,27.0,100.0,100.0,27.0
2019-12-31,5641SFRZS,TOSHIBA MQ01ABF050,500107862016,0,27.0,100.0,100.0,27.0
2019-12-31,5641SFS0S,TOSHIBA MQ01ABF050,500107862016,0,27.0,100.0,100.0,27.0
2019-12-31,5641SFS1S,TOSHIBA MQ01ABF050,500107862016,0,27.0,100.0,100.0,27.0
2019-12-31,5641SFS3S,TOSHIBA MQ01ABF050,500107862016,0,24.0,100.0,100.0,24.0
2019-12-31,5641SFS5S,TOSHIBA MQ01ABF050,500107862016,0,27.0,100.0,100.0,27.0
2019-12-31,5641SFS6S,TOSHIBA MQ01ABF050,500107862016,0,27.0,100.0,100.0,27.0
2019-12-31,5641SFS7S,TOSHIBA MQ01ABF050,500107862016,0,27.0,100.0,100.0,27.0
2019-12-31,5641SFSAS,TOSHIBA MQ01ABF050,500107862016,0,24.0,100.0,100.0,24.0
2019-12-31,564ESIXUS,TOSHIBA MQ01ABF050,500107862016,0,39.0,100.0,100.0,39.0
2019-12-31,564ESIY1S,TOSHIBA MQ01ABF050,500107862016,0,42.0,100.0,100.0,42.0
2019-12-31,564ESIYBS,TOSHIBA MQ01ABF050,500107862016,0,36.0,100.0,100.0,36.0
2019-12-31,564ESIYCS,TOSHIBA MQ01ABF050,500107862016,0,42.0,100.0,100.0,42.0
2019-12-31,564ESIYES,TOSHIBA MQ01ABF050,500107862016,0,50.0,100.0,100.0,50.0
2019-12-31,564ESIYFS,TOSHIBA MQ01ABF050,500107862016,0,60.0,100.0,92.0,61.0
2019-10-25,564ESIYGS,TOSHIBA MQ01ABF050,500107862016,1,46.0,100.0,100.0,46.0
2019-12-31,564ESIYHS,TOSHIBA MQ01ABF050,500107862016,0,44.0,100.0,100.0,44.0
2019-12-31,564ESIYIS,TOSHIBA MQ01ABF050,500107862016,0,42.0,100.0,99.0,42.0
2019-12-31,564ESIYJS,TOSHIBA MQ01ABF050,500107862016,0,58.0,100.0,97.0,58.0
2019-12-31,564ESIYKS,TOSHIBA MQ01ABF050,500107862016,0,60.0,100.0,92.0,61.0
2019-12-31,564ESIYLS,TOSHIBA MQ01ABF050,500107862016,0,33.0,100.0,100.0,33.0
2019-12-31,564ESIYMS,TOSHIBA MQ01ABF050,500107862016,0,36.0,100.0,100.0,36.0
2019-12-31,564ESIYNS,TOSHIBA MQ01ABF050,500107862016,0,46.0,100.0,100.0,46.0
2019-12-31,564ESIYOS,TOSHIBA MQ01ABF050,500107862016,0,40.0,100.0,100.0,40.0
2019-10-17,564ESIYPS,TOSHIBA MQ01ABF050,500107862016,1,41.0,100.0,100.0,41.0
2019-12-31,564ESIYQS,TOSHIBA MQ01ABF050,500107862016,0,39.0,100.0,100.0,39.0
2019-12-31,564ESIYRS,TOSHIBA MQ01ABF050,500107862016,0,24.0,100.0,100.0,24.0
2019-06-24,564ESIYTS,TOSHIBA MQ01ABF050,500107862016,1,56.0,100.0,100.0,56.0
2019-12-31,564ESIYUS,TOSHIBA MQ01ABF050,500107862016,0,25.0,100.0,100.0,25.0
2019-12-31,564ESIYVS,TOSHIBA MQ01ABF050,500107862016,0,24.0,100.0,100.0,24.0
2019-12-31,564ESIYWS,TOSHIBA MQ01ABF050,500107862016,0,24.0,100.0,100.0,24.0
2019-12-31,564ESIYXS,TOSHIBA MQ01ABF050,500107862016,0,25.0,100.0,100.0,25.0
2019-12-31,564ESIZ0S,TOSHIBA MQ01ABF050,500107862016,0,33.0,100.0,100.0,33.0
2019-12-31,564ESIZ2S,TOSHIBA MQ01ABF050,500107862016,0,26.0,100.0,100.0,26.0
2019-12-31,564ESIZ3S,TOSHIBA MQ01ABF050,500107862016,0,33.0,100.0,100.0,33.0
2019-12-31,564ESIZ4S,TOSHIBA MQ01ABF050,500107862016,0,26.0,100.0,100.0,26.0
2019-12-31,564ESIZ5S,TOSHIBA MQ01ABF050,500107862016,0,33.0,100.0,100.0,33.0
2019-12-31,564ESIZ6S,TOSHIBA MQ01ABF050,500107862016,0,39.0,100.0,100.0,39.0
2019-12-31,564ESIZ7S,TOSHIBA MQ01ABF050,500107862016,0,39.0,100.0,100.0,39.0
2019-12-31,564ESIZ8S,TOSHIBA MQ01ABF050,500107862016,0,33.0,100.0,100.0,33.0
2019-12-31,564ESIZ9S,TOSHIBA MQ01ABF050,500107862016,0,40.0,100.0,100.0,40.0
2019-12-31,564ESIZAS,TOSHIBA MQ01ABF050,500107862016,0,39.0,100.0,100.0,39.0
2019-12-31,564ESIZBS,TOSHIBA MQ01ABF050,500107862016,0,39.0,100.0,100.0,39.0
2019-12-31,564ESIZES,TOSHIBA MQ01ABF050,500107862016,0,39.0,100.0,100.0,39.0
2019-12-31,564ESIZFS,TOSHIBA MQ01ABF050,500107862016,0,33.0,100.0,100.0,33.0
2019-07-21,564ESIZHS,TOSHIBA MQ01ABF050,500107862016,1,52.0,100.0,100.0,52.0
2019-12-31,564ESIZIS,TOSHIBA MQ01ABF050,500107862016,0,36.0,100.0,100.0,36.0
2019-12-31,564ESIZJS,TOSHIBA MQ01ABF050,500107862016,0,33.0,100.0,100.0,33.0
2019-12-31,5732PE2BT,TOSHIBA MQ01ABF050,500107862016,0,53.0,100.0,100.0,53.0
2019-07-24,5732PE2FT,TOSHIBA MQ01ABF050,500107862016,1,63.0,100.0,100.0,63.0
2019-07-28,5732PE2HT,TOSHIBA MQ01ABF050,500107862016,1,63.0,100.0,100.0,63.0
2019-12-31,5732PE43T,TOSHIBA MQ01ABF050,500107862016,0,53.0,100.0,100.0,53.0
2019-12-31,57GGPD8KT,TOSHIBA MQ01ABF050,500107862016,0,59.0,100.0,100.0,59.0
2019-12-06,57GGPD93T,TOSHIBA MQ01ABF050,500107862016,1,63.0,100.0,100.0,63.0
2019-12-31,57GGPD94T,TOSHIBA MQ01ABF050,500107862016,0,59.0,100.0,100.0,59.0
2019-12-31,57GGPD95T,TOSHIBA MQ01ABF050,500107862016,0,59.0,100.0,100.0,59.0
2019-12-31,57GGPD96T,TOSHIBA MQ01ABF050,500107862016,0,59.0,100.0,100.0,59.0
2019-12-31,57GGPD97T,TOSHIBA MQ01ABF050,500107862016,0,57.0,100.0,100.0,57.0
2019-12-31,57GGPD98T,TOSHIBA MQ01ABF050,500107862016,0,57.0,100.0,100.0,57.0
2019-12-31,57GGPD9AT,TOSHIBA MQ01ABF050,500107862016,0,65.0,100.0,100.0,65.0
2019-12-31,57GGPD9BT,TOSHIBA MQ01ABF050,500107862016,0,64.0,100.0,100.0,64.0
2019-09-03,57GGPD9DT,TOSHIBA MQ01ABF050,500107862016,1,72.0,100.0,100.0,72.0
2019-12-31,57GGPD9ET,TOSHIBA MQ01ABF050,500107862016,0,65.0,100.0,100.0,65.0
2019-03-22,57GGPD9FT,TOSHIBA MQ01ABF050,500107862016,1,77.0,100.0,100.0,77.0
2019-12-31,57GGPD9GT,TOSHIBA MQ01ABF050,500107862016,0,64.0,100.0,100.0,64.0
2019-12-31,57GGPD9IT,TOSHIBA MQ01ABF050,500107862016,0,59.0,100.0,100.0,59.0
2019-12-31,57GGPD9KT,TOSHIBA MQ01ABF050,500107862016,0,57.0,100.0,100.0,57.0
2019-03-05,57GGPD9NT,TOSHIBA MQ01ABF050,500107862016,1,75.0,100.0,100.0,75.0
2019-12-31,57GGPD9OT,TOSHIBA MQ01ABF050,500107862016,0,57.0,100.0,100.0,57.0
2019-12-31,57GGPD9PT,TOSHIBA MQ01ABF050,500107862016,0,57.0,100.0,100.0,57.0
2019-12-31,57GGPD9QT,TOSHIBA MQ01ABF050,500107862016,0,57.0,100.0,100.0,57.0
2019-12-31,57GGPD9RT,TOSHIBA MQ01ABF050,500107862016,0,57.0,100.0,100.0,57.0
2019-03-29,57GGPD9TT,TOSHIBA MQ01ABF050,500107862016,1,74.0,100.0,100.0,74.0
2019-12-31,57GGPD9UT,TOSHIBA MQ01ABF050,500107862016,0,57.0,100.0,100.0,57.0
2019-12-31,57GGPD9VT,TOSHIBA MQ01ABF050,500107862016,0,57.0,100.0,100.0,57.0
2019-12-31,57GGPD9WT,TOSHIBA MQ01ABF050,500107862016,0,57.0,100.0,100.0,57.0
2019-12-31,57GGPD9XT,TOSHIBA MQ01ABF050,500107862016,0,64.0,100.0,100.0,64.0
2019-12-31,57GGPD9ZT,TOSHIBA MQ01ABF050,500107862016,0,63.0,100.0,100.0,63.0
2019-02-20,57GGPDA0T,TOSHIBA MQ01ABF050,500107862016,0,82.0,100.0,100.0,82.0
2019-12-31,57GGPDA1T,TOSHIBA MQ01ABF050,500107862016,0,57.0,100.0,100.0,57.0
2019-12-31,57GGPDA2T,TOSHIBA MQ01ABF050,500107862016,0,64.0,100.0,100.0,64.0
2019-12-31,57GGPDA4T,TOSHIBA MQ01ABF050,500107862016,0,57.0,100.0,100.0,57.0
2019-12-31,57GGPDA5T,TOSHIBA MQ01ABF050,500107862016,0,57.0,100.0,100.0,57.0
2019-12-31,57GGPDA6T,TOSHIBA MQ01ABF050,500107862016,0,53.0,100.0,100.0,53.0
2019-12-31,57GGPDA7T,TOSHIBA MQ01ABF050,500107862016,0,57.0,100.0,100.0,57.0
2019-12-31,57GGPDA8T,TOSHIBA MQ01ABF050,500107862016,0,53.0,100.0,100.0,53.0
2019-12-31,57GGPDA9T,TOSHIBA MQ01ABF050,500107862016,0,53.0,100.0,100.0,53.0
2019-12-31,57GGPDAAT,TOSHIBA MQ01ABF050,500107862016,0,53.0,100.0,100.0,53.0
2019-12-31,57GGPDABT,TOSHIBA MQ01ABF050,500107862016,0,53.0,100.0,100.0,53.0
2019-12-31,57GGPDACT,TOSHIBA MQ01ABF050,500107862016,0,57.0,100.0,100.0,57.0
2019-04-02,57GGPDADT,TOSHIBA MQ01ABF050,500107862016,1,74.0,100.0,100.0,74.0
2019-12-31,57GGPDAFT,TOSHIBA MQ01ABF050,500107862016,0,57.0,100.0,100.0,57.0
2019-12-31,57GGPDAGT,TOSHIBA MQ01ABF050,500107862016,0,57.0,100.0,100.0,57.0
2019-10-23,57GGPDAHT,TOSHIBA MQ01ABF050,500107862016,1,61.0,100.0,100.0,61.0
2019-12-31,57HBWEC7T,TOSHIBA MQ01ABF050,500107862016,0,56.0,100.0,99.0,56.0
2019-12-31,57HBWECHT,TOSHIBA MQ01ABF050,500107862016,0,57.0,100.0,100.0,57.0
2019-12-31,57HBWECVT,TOSHIBA MQ01ABF050,500107862016,0,66.0,100.0,92.0,68.0
2019-12-31,57HBWED4T,TOSHIBA MQ01ABF050,500107862016,0,57.0,100.0,100.0,57.0
2019-12-31,57HBWEDPT,TOSHIBA MQ01ABF050,500107862016,0,56.0,100.0,99.0,56.0
2019-12-31,57HBWEDTT,TOSHIBA MQ01ABF050,500107862016,0,56.0,100.0,99.0,56.0
2019-10-16,57HBWEE3T,TOSHIBA MQ01ABF050,500107862016,1,60.0,100.0,99.0,60.0
2019-12-31,57HBWEE4T,TOSHIBA MQ01ABF050,500107862016,0,57.0,100.0,100.0,57.0
2019-12-31,57HBWEE5T,TOSHIBA MQ01ABF050,500107862016,0,57.0,100.0,100.0,57.0
2019-12-31,57HBWEE6T,TOSHIBA MQ01ABF050,500107862016,0,57.0,100.0,100.0,57.0
2019-12-31,57HBWEE7T,TOSHIBA MQ01ABF050,500107862016,0,56.0,100.0,99.0,56.0
2019-12-31,57HBWEE8T,TOSHIBA MQ01ABF050,500107862016,0,57.0,100.0,100.0,57.0
2019-12-31,57HBWEE9T,TOSHIBA MQ01ABF050,500107862016,0,59.0,100.0,100.0,59.0
2019-12-31,57HBWEEAT,TOSHIBA MQ01ABF050,500107862016,0,57.0,100.0,100.0,57.0
2019-12-31,57HBWEEBT,TOSHIBA MQ01ABF050,500107862016,0,57.0,100.0,100.0,57.0
2019-12-31,57HBWEECT,TOSHIBA MQ01ABF050,500107862016,0,57.0,100.0,100.0,57.0
2019-12-31,57HBWEEET,TOSHIBA MQ01ABF050,500107862016,0,56.0,100.0,99.0,56.0
2019-12-31,57HBWEEFT,TOSHIBA MQ01ABF050,500107862016,0,56.0,100.0,99.0,56.0
2019-12-31,57HBWEEGT,TOSHIBA MQ01ABF050,500107862016,0,56.0,100.0,99.0,56.0
2019-12-31,57HBWEEHT,TOSHIBA MQ01ABF050,500107862016,0,56.0,100.0,99.0,56.0
2019-12-31,57HBWEEIT,TOSHIBA MQ01ABF050,500107862016,0,56.0,100.0,99.0,56.0
2019-12-31,57HBWEEJT,TOSHIBA MQ01ABF050,500107862016,0,56.0,100.0,99.0,56.0
2019-12-16,57HBWEEKT,TOSHIBA MQ01ABF050,500107862016,1,57.0,100.0,99.0,57.0
2019-12-31,57HBWEELT,TOSHIBA MQ01ABF050,500107862016,0,56.0,100.0,99.0,56.0
2019-12-31,57HBWEEMT,TOSHIBA MQ01ABF050,500107862016,0,56.0,100.0,99.0,56.0
2019-12-31,57HBWEENT,TOSHIBA MQ01ABF050,500107862016,0,56.0,100.0,99.0,56.0
2019-12-31,57HBWEEOT,TOSHIBA MQ01ABF050,500107862016,0,56.0,100.0,99.0,56.0
2019-12-31,57HBWEEQT,TOSHIBA MQ01ABF050,500107862016,0,56.0,100.0,99.0,56.0
2019-09-09,57HBWEEST,TOSHIBA MQ01ABF050,500107862016,1,62.0,100.0,99.0,63.0
2019-12-31,57HBWEEUT,TOSHIBA MQ01ABF050,500107862016,0,53.0,100.0,100.0,53.0
2019-12-31,57HBWEEVT,TOSHIBA MQ01ABF050,500107862016,0,57.0,100.0,100.0,57.0
2019-12-31,57HBWEEWT,TOSHIBA MQ01ABF050,500107862016,0,53.0,100.0,100.0,53.0
2019-12-31,57HBWEEXT,TOSHIBA MQ01ABF050,500107862016,0,53.0,100.0,100.0,53.0
2019-12-31,57HBWEEYT,TOSHIBA MQ01ABF050,500107862016,0,53.0,100.0,100.0,53.0
2019-12-31,57HBWEEZT,TOSHIBA MQ01ABF050,500107862016,0,53.0,100.0,100.0,53.0
2019-12-31,57HBWEF0T,TOSHIBA MQ01ABF050,500107862016,0,57.0,100.0,100.0,57.0
2019-12-26,57HBWEF1T,TOSHIBA MQ01ABF050,500107862016,0,58.0,100.0,100.0,58.0
2019-08-15,57HBWEF2T,TOSHIBA MQ01ABF050,500107862016,1,62.0,100.0,100.0,62.0
2019-12-31,57HBWEF3T,TOSHIBA MQ01ABF050,500107862016,0,53.0,100.0,100.0,53.0
2019-12-31,57HBWEF4T,TOSHIBA MQ01ABF050,500107862016,0,53.0,100.0,100.0,53.0
2019-12-31,57HBWEF5T,TOSHIBA MQ01ABF050,500107862016,0,53.0,100.0,100.0,53.0
2019-12-31,57HBWEF6T,TOSHIBA MQ01ABF050,500107862016,0,53.0,100.0,100.0,53.0
2019-12-31,57HBWEF7T,TOSHIBA MQ01ABF050,500107862016,0,53.0,100.0,100.0,53.0
2019-12-31,57HBWEF8T,TOSHIBA MQ01ABF050,500107862016,0,53.0,100.0,100.0,53.0
2019-12-31,57HBWEF9T,TOSHIBA MQ01ABF050,500107862016,0,53.0,100.0,100.0,53.0
2019-12-31,57HBWEFAT,TOSHIBA MQ01ABF050,500107862016,0,53.0,100.0,100.0,53.0
2019-06-29,57HDTBTFT,TOSHIBA MQ01ABF050,500107862016,0,71.0,100.0,100.0,71.0
2019-12-31,57HDTBTOT,TOSHIBA MQ01ABF050,500107862016,0,61.0,100.0,100.0,61.0
2019-12-31,57HDTBTQT,TOSHIBA MQ01ABF050,500107862016,0,59.0,100.0,100.0,59.0
2019-12-31,57HDTBTRT,TOSHIBA MQ01ABF050,500107862016,0,61.0,100.0,100.0,61.0
2019-12-31,57HDTBTST,TOSHIBA MQ01ABF050,500107862016,0,59.0,100.0,100.0,59.0
2019-12-31,57HDTBTTT,TOSHIBA MQ01ABF050,500107862016,0,59.0,100.0,100.0,59.0
2019-12-31,57HDTBTUT,TOSHIBA MQ01ABF050,500107862016,0,59.0,100.0,100.0,59.0
2019-12-31,57HDTBTVT,TOSHIBA MQ01ABF050,500107862016,0,61.0,100.0,100.0,61.0
2019-12-31,57HDTBTWT,TOSHIBA MQ01ABF050,500107862016,0,59.0,100.0,100.0,59.0
2019-12-31,57HDTBTXT,TOSHIBA MQ01ABF050,500107862016,0,59.0,100.0,100.0,59.0
2019-08-15,57HDTBTYT,TOSHIBA MQ01ABF050,500107862016,1,67.0,100.0,100.0,67.0
2019-12-31,57HDTBTZT,TOSHIBA MQ01ABF050,500107862016,0,59.0,100.0,100.0,59.0
2019-12-31,57HDTBU0T,TOSHIBA MQ01ABF050,500107862016,0,61.0,100.0,100.0,61.0
2019-12-31,57HDTBU2T,TOSHIBA MQ01ABF050,500107862016,0,59.0,100.0,100.0,59.0
2019-12-31,57HDTBU3T,TOSHIBA MQ01ABF050,500107862016,0,59.0,100.0,100.0,59.0
2019-12-31,57HDTBU4T,TOSHIBA MQ01ABF050,500107862016,0,61.0,100.0,100.0,61.0
2019-12-31,57HDTBU5T,TOSHIBA MQ01ABF050,500107862016,0,59.0,100.0,95.0,59.0
2019-12-31,57HDTBU6T,TOSHIBA MQ01ABF050,500107862016,0,61.0,100.0,100.0,61.0
2019-12-31,57HDTBU7T,TOSHIBA MQ01ABF050,500107862016,0,59.0,100.0,100.0,59.0
2019-12-31,57HDTBUIT,TOSHIBA MQ01ABF050,500107862016,0,61.0,100.0,100.0,61.0
2019-12-31,57METM6HT,TOSHIBA MQ01ABF050,500107862016,0,53.0,100.0,100.0,53.0
2019-12-31,57METM6KT,TOSHIBA MQ01ABF050,500107862016,0,53.0,100.0,100.0,53.0
2019-12-31,57METM6LT,TOSHIBA MQ01ABF050,500107862016,0,53.0,100.0,100.0,53.0
2019-12-31,57QEWPX8T,TOSHIBA MQ01ABF050,500107862016,0,50.0,100.0,100.0,50.0
2019-09-01,57QEWPX9T,TOSHIBA MQ01ABF050,500107862016,1,58.0,100.0,100.0,58.0
2019-04-15,57QEWPXBT,TOSHIBA MQ01ABF050,500107862016,1,66.0,100.0,100.0,66.0
2019-05-20,57QEWPXCT,TOSHIBA MQ01ABF050,500107862016,1,64.0,100.0,100.0,64.0
2019-12-31,57QEWPXDT,TOSHIBA MQ01ABF050,500107862016,0,60.0,100.0,93.0,61.0
2019-03-26,57QEWPXET,TOSHIBA MQ01ABF050,500107862016,1,66.0,100.0,100.0,66.0
2019-12-31,57QEWPXFT,TOSHIBA MQ01ABF050,500107862016,0,50.0,100.0,100.0,50.0
2019-12-31,57QEWPXGT,TOSHIBA MQ01ABF050,500107862016,0,54.0,100.0,100.0,54.0
2019-12-31,57QEWPXHT,TOSHIBA MQ01ABF050,500107862016,0,50.0,100.0,100.0,50.0
2019-12-31,57QEWPXIT,TOSHIBA MQ01ABF050,500107862016,0,50.0,100.0,100.0,51.0
2019-12-31,57QEWPXJT,TOSHIBA MQ01ABF050,500107862016,0,50.0,100.0,100.0,50.0
2019-04-06,57QEWPXKT,TOSHIBA MQ01ABF050,500107862016,0,65.0,100.0,100.0,65.0
2019-07-14,57QEWPXLT,TOSHIBA MQ01ABF050,500107862016,1,61.0,100.0,100.0,61.0
2019-12-31,57QEWPXMT,TOSHIBA MQ01ABF050,500107862016,0,49.0,100.0,100.0,49.0
2019-06-19,57QEWPXNT,TOSHIBA MQ01ABF050,500107862016,1,61.0,100.0,100.0,61.0
2019-12-31,57QEWPXOT,TOSHIBA MQ01ABF050,500107862016,0,49.0,100.0,100.0,49.0
2019-12-31,57QEWPXPT,TOSHIBA MQ01ABF050,500107862016,0,49.0,100.0,100.0,49.0
2019-03-01,57QEWPXQT,TOSHIBA MQ01ABF050,500107862016,1,68.0,100.0,100.0,68.0
2019-12-31,57QEWPXRT,TOSHIBA MQ01ABF050,500107862016,0,50.0,100.0,100.0,50.0
2019-11-26,57QEWPXST,TOSHIBA MQ01ABF050,500107862016,1,51.0,100.0,100.0,51.0
2019-07-14,57QEWPXTT,TOSHIBA MQ01ABF050,500107862016,1,59.0,100.0,100.0,59.0
2019-12-31,57QEWPXUT,TOSHIBA MQ01ABF050,500107862016,0,49.0,100.0,100.0,49.0
2019-12-31,57QEWPXVT,TOSHIBA MQ01ABF050,500107862016,0,50.0,100.0,100.0,50.0
2019-12-31,57QEWPXWT,TOSHIBA MQ01ABF050,500107862016,0,50.0,100.0,100.0,50.0
2019-12-31,57QEWPXXT,TOSHIBA MQ01ABF050,500107862016,0,49.0,100.0,100.0,49.0
2019-12-31,57QEWPXYT,TOSHIBA MQ01ABF050,500107862016,0,49.0,100.0,100.0,49.0
2019-12-31,57QEWPXZT,TOSHIBA MQ01ABF050,500107862016,0,49.0,100.0,100.0,49.0
2019-12-31,57QEWPY0T,TOSHIBA MQ01ABF050,500107862016,0,50.0,100.0,100.0,50.0
2019-12-31,57QEWPY1T,TOSHIBA MQ01ABF050,500107862016,0,50.0,100.0,100.0,50.0
2019-12-31,57QEWPY2T,TOSHIBA MQ01ABF050,500107862016,0,60.0,100.0,93.0,61.0
2019-12-31,57QEWPY3T,TOSHIBA MQ01ABF050,500107862016,0,50.0,100.0,100.0,50.0
2019-12-31,57QEWPY5T,TOSHIBA MQ01ABF050,500107862016,0,50.0,100.0,100.0,50.0
2019-12-31,57QEWPY6T,TOSHIBA MQ01ABF050,500107862016,0,59.0,100.0,92.0,61.0
2019-12-31,57QEWPY9T,TOSHIBA MQ01ABF050,500107862016,0,50.0,100.0,100.0,50.0
2019-12-31,57QEWPYAT,TOSHIBA MQ01ABF050,500107862016,0,58.0,100.0,97.0,59.0
2019-12-31,57QEWPYBT,TOSHIBA MQ01ABF050,500107862016,0,52.0,100.0,99.0,52.0
2019-12-31,57QEWPYCT,TOSHIBA MQ01ABF050,500107862016,0,52.0,100.0,99.0,52.0
2019-12-31,57QEWPYDT,TOSHIBA MQ01ABF050,500107862016,0,52.0,100.0,99.0,52.0
2019-12-31,57QEWPYET,TOSHIBA MQ01ABF050,500107862016,0,50.0,100.0,100.0,50.0
2019-12-31,57QEWPYFT,TOSHIBA MQ01ABF050,500107862016,0,54.0,100.0,100.0,54.0
2019-12-31,57QEWPYGT,TOSHIBA MQ01ABF050,500107862016,0,50.0,100.0,100.0,50.0
2019-12-31,57QEWPYHT,TOSHIBA MQ01ABF050,500107862016,0,50.0,100.0,100.0,50.0
2019-12-31,57QEWPYIT,TOSHIBA MQ01ABF050,500107862016,0,50.0,100.0,100.0,50.0
2019-12-31,57QEWPYJT,TOSHIBA MQ01ABF050,500107862016,0,50.0,100.0,100.0,50.0
2019-12-31,57QEWPYKT,TOSHIBA MQ01ABF050,500107862016,0,50.0,100.0,100.0,50.0
2019-12-31,57QEWPYMT,TOSHIBA MQ01ABF050,500107862016,0,50.0,100.0,100.0,50.0
2019-12-31,57RFWNG7T,TOSHIBA MQ01ABF050,500107862016,0,50.0,100.0,100.0,50.0
2019-05-06,57RFWNHFT,TOSHIBA MQ01ABF050,500107862016,1,64.0,100.0,100.0,64.0
2019-12-31,57RFWNHGT,TOSHIBA MQ01ABF050,500107862016,0,52.0,100.0,99.0,52.0
2019-12-31,57RFWNHHT,TOSHIBA MQ01ABF050,500107862016,0,50.0,100.0,100.0,51.0
2019-12-31,57RFWNHIT,TOSHIBA MQ01ABF050,500107862016,0,50.0,100.0,100.0,51.0
2019-12-31,57RFWNHJT,TOSHIBA MQ01ABF050,500107862016,0,50.0,100.0,100.0,50.0
2019-12-31,57RFWNHKT,TOSHIBA MQ01ABF050,500107862016,0,52.0,100.0,99.0,52.0
2019-12-31,57RFWNHLT,TOSHIBA MQ01ABF050,500107862016,0,50.0,100.0,100.0,51.0
2019-12-31,57RFWNHMT,TOSHIBA MQ01ABF050,500107862016,0,52.0,100.0,99.0,52.0
2019-12-31,57RFWNHNT,TOSHIBA MQ01ABF050,500107862016,0,52.0,100.0,99.0,52.0
2019-12-31,66GHS5M3S,TOSHIBA MQ01ABF050,500107862016,0,44.0,100.0,100.0,44.0
2019-12-31,66GHS5M5S,TOSHIBA MQ01ABF050,500107862016,0,44.0,100.0,100.0,44.0
2019-12-31,66GHS5M9S,TOSHIBA MQ01ABF050,500107862016,0,44.0,100.0,100.0,44.0
2019-12-31,66GHS5MAS,TOSHIBA MQ01ABF050,500107862016,0,44.0,100.0,100.0,44.0
2019-12-31,66GHS5MBS,TOSHIBA MQ01ABF050,500107862016,0,44.0,100.0,100.0,44.0
2019-12-31,66GHS5MCS,TOSHIBA MQ01ABF050,500107862016,0,44.0,100.0,100.0,44.0
2019-12-31,66GHS5MDS,TOSHIBA MQ01ABF050,500107862016,0,44.0,100.0,100.0,44.0
2019-12-31,66GHS5MES,TOSHIBA MQ01ABF050,500107862016,0,44.0,100.0,100.0,44.0
2019-12-31,66GHS5MFS,TOSHIBA MQ01ABF050,500107862016,0,45.0,100.0,100.0,45.0
2019-12-31,66GHS5MGS,TOSHIBA MQ01ABF050,500107862016,0,45.0,100.0,100.0,45.0
2019-12-31,66GHS5MHS,TOSHIBA MQ01ABF050,500107862016,0,40.0,100.0,100.0,40.0
2019-12-31,66GHS5MJS,TOSHIBA MQ01ABF050,500107862016,0,38.0,100.0,100.0,38.0
2019-12-31,66GHS5MKS,TOSHIBA MQ01ABF050,500107862016,0,44.0,100.0,100.0,44.0
2019-12-31,66GHS5MLS,TOSHIBA MQ01ABF050,500107862016,0,46.0,100.0,100.0,46.0
2019-01-05,66GHS5MMS,TOSHIBA MQ01ABF050,500107862016,1,60.0,100.0,100.0,60.0
2019-12-31,66GHS5MNS,TOSHIBA MQ01ABF050,500107862016,0,46.0,100.0,100.0,46.0
2019-12-31,66GHS5MOS,TOSHIBA MQ01ABF050,500107862016,0,40.0,100.0,100.0,40.0
2019-12-31,66GHS5MQS,TOSHIBA MQ01ABF050,500107862016,0,40.0,100.0,100.0,40.0
2019-12-31,66GHS5MRS,TOSHIBA MQ01ABF050,500107862016,0,39.0,100.0,100.0,39.0
2019-12-31,66GHS5MSS,TOSHIBA MQ01ABF050,500107862016,0,36.0,100.0,100.0,36.0
2019-12-31,66GHS5MTS,TOSHIBA MQ01ABF050,500107862016,0,39.0,100.0,100.0,39.0
2019-12-31,66GHS5MUS,TOSHIBA MQ01ABF050,500107862016,0,38.0,100.0,100.0,38.0
2019-12-31,66GHS5MVS,TOSHIBA MQ01ABF050,500107862016,0,39.0,100.0,100.0,39.0
2019-12-31,66GHS5MWS,TOSHIBA MQ01ABF050,500107862016,0,39.0,100.0,100.0,39.0
2019-12-31,66GHS5MXS,TOSHIBA MQ01ABF050,500107862016,0,36.0,100.0,100.0,36.0
2019-12-31,66GHS5MYS,TOSHIBA MQ01ABF050,500107862016,0,33.0,100.0,100.0,33.0
2019-09-09,66GHS5MZS,TOSHIBA MQ01ABF050,500107862016,1,56.0,100.0,100.0,56.0
2019-12-31,66GHS5N0S,TOSHIBA MQ01ABF050,500107862016,0,44.0,100.0,100.0,44.0
2019-06-27,66GHS5N1S,TOSHIBA MQ01ABF050,500107862016,1,53.0,100.0,100.0,53.0
2019-12-31,66GHS5N2S,TOSHIBA MQ01ABF050,500107862016,0,49.0,100.0,100.0,49.0
2019-12-31,66GHS5N4S,TOSHIBA MQ01ABF050,500107862016,0,49.0,100.0,100.0,49.0
2019-12-31,66GHS5N5S,TOSHIBA MQ01ABF050,500107862016,0,33.0,100.0,100.0,33.0
2019-12-31,66GHS5N6S,TOSHIBA MQ01ABF050,500107862016,0,33.0,100.0,100.0,33.0
2019-12-31,66GHS5N7S,TOSHIBA MQ01ABF050,500107862016,0,49.0,100.0,100.0,49.0
2019-12-31,66GHS5N8S,TOSHIBA MQ01ABF050,500107862016,0,33.0,100.0,100.0,33.0
2019-12-31,66GHS5N9S,TOSHIBA MQ01ABF050,500107862016,0,31.0,100.0,100.0,31.0
2019-12-31,66GHS5NAS,TOSHIBA MQ01ABF050,500107862016,0,31.0,100.0,100.0,31.0
2019-12-31,66GHS5NBS,TOSHIBA MQ01ABF050,500107862016,0,33.0,100.0,100.0,33.0
2019-12-31,66GHS5NCS,TOSHIBA MQ01ABF050,500107862016,0,31.0,100.0,100.0,31.0
2019-12-31,66GHS5NDS,TOSHIBA MQ01ABF050,500107862016,0,40.0,100.0,99.0,40.0
2019-12-31,66GHS5NES,TOSHIBA MQ01ABF050,500107862016,0,31.0,100.0,100.0,31.0
2019-12-31,66GHS5NFS,TOSHIBA MQ01ABF050,500107862016,0,31.0,100.0,100.0,31.0
2019-12-31,66GHS5NHS,TOSHIBA MQ01ABF050,500107862016,0,36.0,100.0,100.0,36.0
2019-12-31,66GHS5NIS,TOSHIBA MQ01ABF050,500107862016,0,31.0,100.0,100.0,31.0
2019-12-31,66GHS5NJS,TOSHIBA MQ01ABF050,500107862016,0,31.0,100.0,100.0,31.0
2019-12-31,66GHS5NKS,TOSHIBA MQ01ABF050,500107862016,0,31.0,100.0,100.0,31.0
2019-12-31,66HLS2O7S,TOSHIBA MQ01ABF050,500107862016,0,39.0,100.0,100.0,39.0
2019-12-31,66HLS2O8S,TOSHIBA MQ01ABF050,500107862016,0,40.0,100.0,100.0,40.0
2019-12-31,66HLS2O9S,TOSHIBA MQ01ABF050,500107862016,0,39.0,100.0,100.0,39.0
2019-12-31,66HLS2OCS,TOSHIBA MQ01ABF050,500107862016,0,40.0,100.0,100.0,40.0
2019-12-31,66HLS2ODS,TOSHIBA MQ01ABF050,500107862016,0,40.0,100.0,100.0,40.0
2019-12-31,66HLS2OES,TOSHIBA MQ01ABF050,500107862016,0,39.0,100.0,100.0,39.0
2019-12-31,66HLS2OFS,TOSHIBA MQ01ABF050,500107862016,0,31.0,100.0,100.0,31.0
2019-12-31,66HLS2OGS,TOSHIBA MQ01ABF050,500107862016,0,40.0,100.0,100.0,40.0
2019-12-31,66HLS2OHS,TOSHIBA MQ01ABF050,500107862016,0,39.0,100.0,100.0,39.0
2019-12-31,66HLS2OIS,TOSHIBA MQ01ABF050,500107862016,0,31.0,100.0,100.0,31.0
2019-12-31,66HLS2OJS,TOSHIBA MQ01ABF050,500107862016,0,31.0,100.0,100.0,31.0
2019-12-31,66HLS2OKS,TOSHIBA MQ01ABF050,500107862016,0,40.0,100.0,100.0,40.0
2019-12-31,66HLS2OLS,TOSHIBA MQ01ABF050,500107862016,0,31.0,100.0,100.0,31.0
2019-12-31,66HLS2OMS,TOSHIBA MQ01ABF050,500107862016,0,31.0,100.0,100.0,31.0
2019-12-31,66HLS2ONS,TOSHIBA MQ01ABF050,500107862016,0,31.0,100.0,100.0,31.0
2019-12-31,66HLS2OOS,TOSHIBA MQ01ABF050,500107862016,0,40.0,100.0,100.0,40.0
2019-12-31,66HLS2OQS,TOSHIBA MQ01ABF050,500107862016,0,31.0,100.0,100.0,31.0
2019-12-31,66HLS2ORS,TOSHIBA MQ01ABF050,500107862016,0,40.0,100.0,100.0,40.0
2019-12-31,66HLS2OSS,TOSHIBA MQ01ABF050,500107862016,0,49.0,100.0,100.0,49.0
2019-12-31,66HLS2OTS,TOSHIBA MQ01ABF050,500107862016,0,31.0,100.0,100.0,31.0
2019-12-31,66HLS2OUS,TOSHIBA MQ01ABF050,500107862016,0,42.0,100.0,100.0,42.0
2019-12-31,66HLS2OVS,TOSHIBA MQ01ABF050,500107862016,0,42.0,100.0,100.0,42.0
2019-12-31,66HLS2OWS,TOSHIBA MQ01ABF050,500107862016,0,42.0,100.0,100.0,42.0
2019-12-31,66HLS2OXS,TOSHIBA MQ01ABF050,500107862016,0,42.0,100.0,100.0,42.0
2019-12-31,66HLS2OYS,TOSHIBA MQ01ABF050,500107862016,0,42.0,100.0,100.0,42.0
2019-12-31,66HLS2OZS,TOSHIBA MQ01ABF050,500107862016,0,40.0,100.0,100.0,40.0
2019-12-31,66HLS2P0S,TOSHIBA MQ01ABF050,500107862016,0,42.0,100.0,100.0,42.0
2019-12-31,66HLS2P1S,TOSHIBA MQ01ABF050,500107862016,0,31.0,100.0,100.0,31.0
2019-05-07,66HLS2P2S,TOSHIBA MQ01ABF050,500107862016,1,63.0,100.0,100.0,63.0
2019-12-31,66HLS2P3S,TOSHIBA MQ01ABF050,500107862016,0,48.0,100.0,100.0,48.0
2019-12-31,66HLS2P4S,TOSHIBA MQ01ABF050,500107862016,0,31.0,100.0,100.0,31.0
2019-12-31,66HLS2P5S,TOSHIBA MQ01ABF050,500107862016,0,40.0,100.0,100.0,40.0
2019-12-31,66HLS2P6S,TOSHIBA MQ01ABF050,500107862016,0,36.0,100.0,100.0,36.0
2019-12-31,66HLS2P7S,TOSHIBA MQ01ABF050,500107862016,0,36.0,100.0,100.0,36.0
2019-11-16,66HLS2P8S,TOSHIBA MQ01ABF050,500107862016,1,45.0,100.0,99.0,45.0
2019-12-31,66HLS2PAS,TOSHIBA MQ01ABF050,500107862016,0,36.0,100.0,100.0,36.0
2019-12-31,66HLS2PBS,TOSHIBA MQ01ABF050,500107862016,0,50.0,100.0,100.0,50.0
2019-12-31,66HLS2PCS,TOSHIBA MQ01ABF050,500107862016,0,42.0,100.0,100.0,42.0
2019-12-31,66HLS2PDS,TOSHIBA MQ01ABF050,500107862016,0,36.0,100.0,100.0,36.0
2019-12-31,66HLS2PES,TOSHIBA MQ01ABF050,500107862016,0,63.0,100.0,100.0,63.0
2019-12-31,66HLS2PFS,TOSHIBA MQ01ABF050,500107862016,0,49.0,100.0,100.0,49.0
2019-12-31,66HLS2PGS,TOSHIBA MQ01ABF050,500107862016,0,42.0,100.0,100.0,42.0
2019-12-31,66HLS2PHS,TOSHIBA MQ01ABF050,500107862016,0,59.0,100.0,100.0,59.0
2019-12-31,66HLS2PIS,TOSHIBA MQ01ABF050,500107862016,0,39.0,100.0,100.0,39.0
2019-12-31,66HLS2PKS,TOSHIBA MQ01ABF050,500107862016,0,36.0,100.0,100.0,36.0
2019-12-31,66HLS2PLS,TOSHIBA MQ01ABF050,500107862016,0,40.0,100.0,100.0,40.0
2019-12-31,87DFWOFJT,TOSHIBA MQ01ABF050,500107862016,0,54.0,100.0,100.0,54.0
2019-12-31,87DFWOFKT,TOSHIBA MQ01ABF050,500107862016,0,57.0,100.0,100.0,57.0
2019-12-31,87DFWOFLT,TOSHIBA MQ01ABF050,500107862016,0,53.0,100.0,100.0,53.0
2019-12-31,87DFWOFMT,TOSHIBA MQ01ABF050,500107862016,0,57.0,100.0,100.0,57.0
2019-12-31,87DFWOFNT,TOSHIBA MQ01ABF050,500107862016,0,57.0,100.0,100.0,57.0
2019-12-31,87DFWOFOT,TOSHIBA MQ01ABF050,500107862016,0,57.0,100.0,100.0,57.0
2019-12-31,87DFWOFPT,TOSHIBA MQ01ABF050,500107862016,0,57.0,100.0,100.0,57.0
2019-12-31,87DFWOFQT,TOSHIBA MQ01ABF050,500107862016,0,53.0,100.0,100.0,53.0
2019-08-21,87DFWOFRT,TOSHIBA MQ01ABF050,500107862016,1,65.0,100.0,100.0,65.0
2019-12-31,87DFWOFST,TOSHIBA MQ01ABF050,500107862016,0,57.0,100.0,100.0,57.0
2019-12-31,87DFWOFUT,TOSHIBA MQ01ABF050,500107862016,0,57.0,100.0,100.0,57.0
2019-12-31,87DFWOFVT,TOSHIBA MQ01ABF050,500107862016,0,53.0,100.0,100.0,53.0
2019-12-31,87DFWOFWT,TOSHIBA MQ01ABF050,500107862016,0,53.0,100.0,100.0,53.0
2019-12-31,87DFWOFXT,TOSHIBA MQ01ABF050,500107862016,0,53.0,100.0,100.0,53.0
2019-06-13,87DFWOFYT,TOSHIBA MQ01ABF050,500107862016,1,65.0,100.0,100.0,65.0
2019-11-07,87DFWOFZT,TOSHIBA MQ01ABF050,500107862016,1,56.0,100.0,100.0,56.0
2019-12-31,87DFWOG1T,TOSHIBA MQ01ABF050,500107862016,0,53.0,100.0,100.0,53.0
2019-12-31,87DFWOG2T,TOSHIBA MQ01ABF050,500107862016,0,53.0,100.0,100.0,53.0
2019-01-10,87DFWOG3T,TOSHIBA MQ01ABF050,500107862016,1,75.0,100.0,100.0,75.0
2019-12-31,87DFWOG5T,TOSHIBA MQ01ABF050,500107862016,0,60.0,100.0,100.0,60.0
2019-12-31,87DFWOG6T,TOSHIBA MQ01ABF050,500107862016,0,53.0,100.0,100.0,53.0
2019-12-31,87DFWOG7T,TOSHIBA MQ01ABF050,500107862016,0,53.0,100.0,100.0,53.0
2019-12-31,87DFWOG8T,TOSHIBA MQ01ABF050,500107862016,0,57.0,100.0,100.0,57.0
2019-12-31,87DFWOG9T,TOSHIBA MQ01ABF050,500107862016,0,57.0,100.0,100.0,57.0
2019-12-31,87DFWOGAT,TOSHIBA MQ01ABF050,500107862016,0,57.0,100.0,100.0,57.0
2019-12-31,87DFWOGCT,TOSHIBA MQ01ABF050,500107862016,0,58.0,100.0,100.0,58.0
2019-09-18,87DFWOGDT,TOSHIBA MQ01ABF050,500107862016,1,59.0,100.0,100.0,59.0
2019-12-31,87DFWOGET,TOSHIBA MQ01ABF050,500107862016,0,53.0,100.0,100.0,53.0
2019-12-31,87DFWOGFT,TOSHIBA MQ01ABF050,500107862016,0,53.0,100.0,100.0,53.0
2019-12-31,87DFWOGGT,TOSHIBA MQ01ABF050,500107862016,0,54.0,100.0,100.0,54.0
2019-12-31,87DFWOGIT,TOSHIBA MQ01ABF050,500107862016,0,53.0,100.0,100.0,53.0
2019-12-31,87DFWOGJT,TOSHIBA MQ01ABF050,500107862016,0,53.0,100.0,100.0,53.0
2019-12-31,87DFWOGKT,TOSHIBA MQ01ABF050,500107862016,0,53.0,100.0,100.0,53.0
2019-12-31,87DFWOGLT,TOSHIBA MQ01ABF050,500107862016,0,53.0,100.0,100.0,53.0
2019-12-31,87DFWOGMT,TOSHIBA MQ01ABF050,500107862016,0,55.0,100.0,100.0,55.0
2019-12-31,87DFWOGNT,TOSHIBA MQ01ABF050,500107862016,0,53.0,100.0,100.0,53.0
2019-12-31,87DFWOGOT,TOSHIBA MQ01ABF050,500107862016,0,53.0,100.0,100.0,53.0
2019-12-31,87DFWOGPT,TOSHIBA MQ01ABF050,500107862016,0,53.0,100.0,100.0,53.0
2019-12-31,87DFWOGQT,TOSHIBA MQ01ABF050,500107862016,0,53.0,100.0,100.0,53.0
2019-12-31,87DFWOGRT,TOSHIBA MQ01ABF050,500107862016,0,57.0,100.0,100.0,57.0
2019-12-31,87DFWOGST,TOSHIBA MQ01ABF050,500107862016,0,54.0,100.0,100.0,54.0
2019-12-31,87DFWOGTT,TOSHIBA MQ01ABF050,500107862016,0,53.0,100.0,100.0,53.0
2019-12-31,87DFWOGUT,TOSHIBA MQ01ABF050,500107862016,0,53.0,100.0,100.0,53.0
2019-05-14,87DFWOGVT,TOSHIBA MQ01ABF050,500107862016,1,67.0,100.0,100.0,67.0
2019-12-31,87DFWOGWT,TOSHIBA MQ01ABF050,500107862016,0,53.0,100.0,100.0,53.0
2019-12-31,96BDP79NT,TOSHIBA MQ01ABF050,500107862016,0,37.0,100.0,100.0,37.0
2019-12-31,96BDP79QT,TOSHIBA MQ01ABF050,500107862016,0,38.0,100.0,100.0,38.0
2019-12-31,96BDP79RT,TOSHIBA MQ01ABF050,500107862016,0,38.0,100.0,100.0,38.0
2019-12-31,96BDP79ST,TOSHIBA MQ01ABF050,500107862016,0,37.0,100.0,100.0,37.0
2019-12-31,96HCTBH6T,TOSHIBA MQ01ABF050,500107862016,0,57.0,100.0,100.0,57.0
2019-07-25,96HCTBH7T,TOSHIBA MQ01ABF050,500107862016,1,47.0,100.0,100.0,47.0
2019-12-31,96HCTBH8T,TOSHIBA MQ01ABF050,500107862016,0,37.0,100.0,100.0,37.0
2019-12-31,96HCTBHAT,TOSHIBA MQ01ABF050,500107862016,0,38.0,100.0,100.0,38.0
2019-12-31,96HCTBHBT,TOSHIBA MQ01ABF050,500107862016,0,38.0,100.0,100.0,38.0
2019-12-31,96HCTBHGT,TOSHIBA MQ01ABF050,500107862016,0,38.0,100.0,100.0,38.0
2019-12-31,96HCTBHHT,TOSHIBA MQ01ABF050,500107862016,0,49.0,100.0,100.0,49.0
2019-12-31,96HCTBHIT,TOSHIBA MQ01ABF050,500107862016,0,37.0,100.0,100.0,37.0
2019-12-31,96HCTBHJT,TOSHIBA MQ01ABF050,500107862016,0,38.0,100.0,100.0,38.0
2019-12-31,96HCTBHKT,TOSHIBA MQ01ABF050,500107862016,0,50.0,100.0,100.0,50.0
2019-12-31,96HCTBHLT,TOSHIBA MQ01ABF050,500107862016,0,56.0,100.0,100.0,56.0
2019-12-31,96HCTBHMT,TOSHIBA MQ01ABF050,500107862016,0,37.0,100.0,100.0,37.0
2019-12-31,96HCTBHNT,TOSHIBA MQ01ABF050,500107862016,0,38.0,100.0,100.0,38.0
2019-12-31,96HCTBHOT,TOSHIBA MQ01ABF050,500107862016,0,37.0,100.0,100.0,37.0
2019-12-31,96HCTBHPT,TOSHIBA MQ01ABF050,500107862016,0,38.0,100.0,100.0,38.0
2019-12-31,96HCTBHQT,TOSHIBA MQ01ABF050,500107862016,0,37.0,100.0,100.0,37.0
2019-08-19,96HCTBHRT,TOSHIBA MQ01ABF050,500107862016,1,45.0,100.0,100.0,45.0
2019-12-31,96HCTBHST,TOSHIBA MQ01ABF050,500107862016,0,38.0,100.0,100.0,38.0
2019-12-31,96HCTBHTT,TOSHIBA MQ01ABF050,500107862016,0,50.0,100.0,100.0,50.0
2019-12-31,96HCTBHUT,TOSHIBA MQ01ABF050,500107862016,0,36.0,100.0,100.0,36.0
2019-12-31,96HCTBHVT,TOSHIBA MQ01ABF050,500107862016,0,36.0,100.0,100.0,36.0
2019-02-19,96HCTBHWT,TOSHIBA MQ01ABF050,500107862016,1,57.0,100.0,100.0,57.0
2019-11-12,96HCTBHXT,TOSHIBA MQ01ABF050,500107862016,1,39.0,100.0,100.0,39.0
2019-12-31,96HCTBHZT,TOSHIBA MQ01ABF050,500107862016,0,37.0,100.0,100.0,37.0
2019-12-31,96HCTBI0T,TOSHIBA MQ01ABF050,500107862016,0,38.0,100.0,100.0,38.0
2019-12-30,96HCTBI1T,TOSHIBA MQ01ABF050,500107862016,1,38.0,100.0,100.0,38.0
2019-12-31,96HCTBI2T,TOSHIBA MQ01ABF050,500107862016,0,38.0,100.0,100.0,38.0
2019-08-27,96HCTBI3T,TOSHIBA MQ01ABF050,500107862016,1,45.0,100.0,100.0,45.0
2019-12-31,96HCTBI4T,TOSHIBA MQ01ABF050,500107862016,0,38.0,100.0,100.0,38.0
2019-12-31,96HCTBI5T,TOSHIBA MQ01ABF050,500107862016,0,38.0,100.0,100.0,38.0
2019-02-14,96HCTBI6T,TOSHIBA MQ01ABF050,500107862016,1,56.0,100.0,100.0,56.0
2019-03-19,96HCTBI7T,TOSHIBA MQ01ABF050,500107862016,1,55.0,100.0,100.0,55.0
2019-08-07,96HCTBI9T,TOSHIBA MQ01ABF050,500107862016,1,45.0,100.0,100.0,46.0
2019-12-31,96HCTBIAT,TOSHIBA MQ01ABF050,500107862016,0,37.0,100.0,100.0,37.0
2019-09-30,96HCTBIBT,TOSHIBA MQ01ABF050,500107862016,0,42.0,100.0,100.0,42.0
2019-12-30,96HCTBIDT,TOSHIBA MQ01ABF050,500107862016,1,38.0,100.0,100.0,38.0
2019-12-31,96HCTBIET,TOSHIBA MQ01ABF050,500107862016,0,37.0,100.0,100.0,37.0
2019-12-31,96HCTBIFT,TOSHIBA MQ01ABF050,500107862016,0,38.0,100.0,100.0,38.0
2019-12-31,96HCTBIGT,TOSHIBA MQ01ABF050,500107862016,0,38.0,100.0,100.0,38.0
2019-12-31,96HCTBIHT,TOSHIBA MQ01ABF050,500107862016,0,37.0,100.0,100.0,37.0
2019-12-31,96HCTBIIT,TOSHIBA MQ01ABF050,500107862016,0,38.0,100.0,100.0,38.0
2019-12-20,96HCTBIJT,TOSHIBA MQ01ABF050,500107862016,1,37.0,100.0,100.0,37.0
2019-12-30,96ICTBPGT,TOSHIBA MQ01ABF050,500107862016,1,36.0,100.0,99.0,36.0
2019-12-31,96ICTBPLT,TOSHIBA MQ01ABF050,500107862016,0,37.0,100.0,100.0,37.0
2019-07-23,96ICTBPMT,TOSHIBA MQ01ABF050,500107862016,1,47.0,100.0,100.0,47.0
2019-12-31,96ICTBPOT,TOSHIBA MQ01ABF050,500107862016,0,38.0,100.0,100.0,38.0
2019-12-31,96ICTBPPT,TOSHIBA MQ01ABF050,500107862016,0,38.0,100.0,100.0,38.0
2019-01-14,96ICTBPQT,TOSHIBA MQ01ABF050,500107862016,1,58.0,100.0,100.0,58.0
2019-12-31,96ICTBPRT,TOSHIBA MQ01ABF050,500107862016,0,37.0,100.0,100.0,37.0
2019-12-31,96ICTBPST,TOSHIBA MQ01ABF050,500107862016,0,38.0,100.0,100.0,38.0
2019-02-06,96ICTBPTT,TOSHIBA MQ01ABF050,500107862016,1,57.0,100.0,100.0,57.0
2019-12-30,96ICTBPUT,TOSHIBA MQ01ABF050,500107862016,1,38.0,100.0,100.0,38.0
2019-12-31,96ICTBPWT,TOSHIBA MQ01ABF050,500107862016,0,38.0,100.0,100.0,38.0
2019-12-31,96ICTBPXT,TOSHIBA MQ01ABF050,500107862016,0,37.0,100.0,100.0,37.0
2019-12-31,96ICTBPYT,TOSHIBA MQ01ABF050,500107862016,0,36.0,100.0,99.0,36.0
2019-11-26,96ICTBPZT,TOSHIBA MQ01ABF050,500107862016,1,39.0,100.0,100.0,39.0
2019-12-30,96ICTBQ0T,TOSHIBA MQ01ABF050,500107862016,1,36.0,101.0,99.0,36.0
2019-12-31,96ICTBQ1T,TOSHIBA MQ01ABF050,500107862016,0,36.0,100.0,100.0,36.0
2019-08-02,96ICTBQ2T,TOSHIBA MQ01ABF050,500107862016,1,46.0,100.0,100.0,46.0
2019-04-23,96ICTBQ3T,TOSHIBA MQ01ABF050,500107862016,1,52.0,100.0,100.0,52.0
2019-07-31,96ICTBQ4T,TOSHIBA MQ01ABF050,500107862016,1,47.0,100.0,100.0,47.0
2019-12-31,96ICTBQ5T,TOSHIBA MQ01ABF050,500107862016,0,37.0,100.0,100.0,37.0
2019-12-31,96ICTBQ6T,TOSHIBA MQ01ABF050,500107862016,0,36.0,100.0,99.0,36.0
2019-12-31,96ICTBQ8T,TOSHIBA MQ01ABF050,500107862016,0,36.0,100.0,98.0,36.0
2019-12-31,96ICTBQ9T,TOSHIBA MQ01ABF050,500107862016,0,40.0,100.0,99.0,40.0
2019-12-31,96ICTBQAT,TOSHIBA MQ01ABF050,500107862016,0,37.0,100.0,100.0,37.0
2019-12-31,96ICTBQCT,TOSHIBA MQ01ABF050,500107862016,0,37.0,100.0,100.0,37.0
2019-12-31,96ICTBQDT,TOSHIBA MQ01ABF050,500107862016,0,37.0,100.0,100.0,37.0
2019-04-05,96ICTBQET,TOSHIBA MQ01ABF050,500107862016,1,53.0,100.0,99.0,53.0
2019-12-31,96ICTBQFT,TOSHIBA MQ01ABF050,500107862016,0,37.0,100.0,99.0,37.0
2019-12-18,96ICTBQGT,TOSHIBA MQ01ABF050,500107862016,1,37.0,100.0,99.0,37.0
2019-12-31,96ICTBQHT,TOSHIBA MQ01ABF050,500107862016,0,36.0,100.0,99.0,36.0
2019-12-31,96ICTBQJT,TOSHIBA MQ01ABF050,500107862016,0,36.0,100.0,99.0,36.0
2019-12-31,96ICTBQLT,TOSHIBA MQ01ABF050,500107862016,0,36.0,100.0,99.0,36.0
2019-05-06,96ICTBQOT,TOSHIBA MQ01ABF050,500107862016,1,51.0,100.0,99.0,51.0
2019-12-31,96ICTBQPT,TOSHIBA MQ01ABF050,500107862016,0,36.0,100.0,99.0,36.0
2019-12-31,96ICTBQQT,TOSHIBA MQ01ABF050,500107862016,0,36.0,100.0,99.0,36.0
2019-12-31,96ICTBQRT,TOSHIBA MQ01ABF050,500107862016,0,36.0,100.0,99.0,36.0
2019-12-31,96ICTBQST,TOSHIBA MQ01ABF050,500107862016,0,36.0,100.0,99.0,36.0
2019-04-09,96ICTBQTT,TOSHIBA MQ01ABF050,500107862016,1,53.0,100.0,100.0,53.0
2019-12-31,96ICTBQUT,TOSHIBA MQ01ABF050,500107862016,0,37.0,100.0,100.0,37.0
2019-12-31,96ICTBQVT,TOSHIBA MQ01ABF050,500107862016,0,37.0,100.0,100.0,37.0
2019-12-31,96ICTBQWT,TOSHIBA MQ01ABF050,500107862016,0,38.0,100.0,100.0,38.0
2019-12-31,96ICTBQXT,TOSHIBA MQ01ABF050,500107862016,0,37.0,100.0,100.0,37.0
